date|title|summary|url
Fri, 12 Oct 2012 08:38:00 +0900|001. 장준하가 사라진 나라|홍석동 납치사건, 장준하의 삶|http://feeds.soundcloud.com/stream/63097789-ddanzi-u-1.mp3
Mon, 22 Oct 2012 20:10:00 +0900|002. 김종석의 자살|홍석동 납치사건2, 박정희 소백과사전1.개괄|http://feeds.soundcloud.com/stream/64345609-ddanzi-u-2.mp3
Wed, 31 Oct 2012 18:43:00 +0900|003. 조선일보 대동여지도|1. 김창규와 떠나는 조선일보 금품제공 전국여행(上) 2. 대한민국에서 대통령되기의 역사(上)|http://feeds.soundcloud.com/stream/65478213-ddanzi-u-3.mp3
Tue, 13 Nov 2012 02:41:00 +0900|004. 서울의 봄의 U형의 개드립|서울의 봄의 U형의 개드립|http://feeds.soundcloud.com/stream/67134058-ddanzi-u-4.mp3
Tue, 13 Nov 2012 03:04:00 +0900|005. 최세용 붙잡히다|최세용 붙잡히다|http://feeds.soundcloud.com/stream/67140550-ddanzi-u-5.mp3
Tue, 13 Nov 2012 03:19:00 +0900|박정희 소백과사전 2. 친일과 박정희|친일과 박정희|http://feeds.soundcloud.com/stream/67142817-ddanzi-u-p-2.mp3
Mon, 19 Nov 2012 15:43:00 +0900|박정희 소백과사전 3. 좌익 박정희|좌익 박정희|http://feeds.soundcloud.com/stream/67984603-ddanzi-u-p-3.mp3
Fri, 23 Nov 2012 20:50:00 +0900|006. 단일화가 되지 않았다면!!!|'단일화가 되지 않았다면!!!'|http://feeds.soundcloud.com/stream/68526903-ddanzi-u-6.mp3
Tue, 27 Nov 2012 05:00:00 +0900|박정희 소백과사전 4. 박정희의 용인술|박정희의 용인술|http://feeds.soundcloud.com/stream/68937402-ddanzi-u-p-4.mp3
Wed, 05 Dec 2012 03:28:00 +0900|007. Dammed Peace|Dammed Peace|http://feeds.soundcloud.com/stream/69967899-ddanzi-u-7.mp3
Wed, 05 Dec 2012 03:41:00 +0900|박정희 소백과사전 5. 박정희의 사생활|박정희의 사생활|http://feeds.soundcloud.com/stream/70699265-ddanzi-u-p-5.mp3
Mon, 10 Dec 2012 23:56:00 +0900|008. 안아픈데 청춘이다|안아픈데 청춘이다|http://feeds.soundcloud.com/stream/70699265-ddanzi-u-8.mp3
Fri, 14 Dec 2012 12:20:00 +0900|박정희 소백과사전 마지막회. 偶像化された朴正熙|우상화된 박정희|http://feeds.soundcloud.com/stream/71174372-ddanzi-u-p-f.mp3
Mon, 17 Dec 2012 19:33:00 +0900|009. 리박사 인기가요|리박사 인기가요|http://feeds.soundcloud.com/stream/71552437-ddanzi-u-9.mp3
Sat, 29 Dec 2012 05:30:00 +0900|010. 취업은 하고싶다|취업은 하고 싶다:intro|http://feeds.soundcloud.com/stream/72865354-ddanzi-u-10.mp3
Fri, 04 Jan 2013 12:34:00 +0900|Update: 홍석동氏 아버지가 남긴 말|Update: 홍석동氏 아버지가 남긴 말|http://feeds.soundcloud.com/stream/73563444-ddanzi-u-u.mp3
Fri, 04 Jan 2013 12:38:00 +0900|Update: 김규열 선장 항소|Update: 김규열 선장 항소|http://feeds.soundcloud.com/stream/73563704-ddanzi-u-u-1.mp3
Tue, 08 Jan 2013 14:13:00 +0900|011. 천번은 흔들려야 아!외로워진다|공개방송 : 취업은 하고 싶다 - 2|http://feeds.soundcloud.com/stream/74072761-ddanzi-u-11.mp3
Tue, 15 Jan 2013 22:58:00 +0900|012. 뱅뱅이론이론|'뱅뱅이론이론'|http://feeds.soundcloud.com/stream/75014118-ddanzi-u-12.mp3
Tue, 22 Jan 2013 16:42:00 +0900|013. 창조의 제왕:연구비 원정대|'창조의 제왕:연구비 원정대'|http://feeds.soundcloud.com/stream/75952956-ddanzi-u-13.mp3
Tue, 29 Jan 2013 16:55:00 +0900|014. 창조의 제왕:두개의 甲(上)|'창조의 제왕:두개의 甲(上)'|http://feeds.soundcloud.com/stream/76932583-ddanzi-u-14.mp3
Mon, 04 Feb 2013 18:27:00 +0900|Update: 필리핀 언론의 김규열 선장 사건 보도|Update: 김규열 선장 항소|http://feeds.soundcloud.com/stream/77767108-ddanzi-u-u-2.mp3
Tue, 05 Feb 2013 23:02:00 +0900|015. 주부 인프라코어|최대 기초성장동력, 가사노동.|http://feeds.soundcloud.com/stream/77936535-ddanzi-u-15.mp3
Wed, 13 Feb 2013 16:06:00 +0900|016a. 일베햇볕정책|토론쇼다운 이용vsU횽:일베햇볕정책의 요체(上)|http://feeds.soundcloud.com/stream/79027386-ddanzi-u-16.mp3
Thu, 14 Feb 2013 17:13:00 +0900|016b. 창조의 제왕:두개의 甲(下)|진실은 짜증나고 황우석은 오래간다|http://feeds.soundcloud.com/stream/79180245-ddanzi-u-16-2.mp3
Wed, 20 Feb 2013 06:25:00 +0900|017. 창조의 제왕: 강의 우환|경제정의와 과학소통 - 4대강 케이스.|http://feeds.soundcloud.com/stream/79974401-ddanzi-u-17.mp3
Tue, 26 Feb 2013 19:32:00 +0900|018. 나는 어떻게 트위터 알바를 찾았는가|취재기록 딴지포스트: 알바사냥일지(1)-트위터|http://feeds.soundcloud.com/stream/80893627-ddanzi-u-18.mp3
Tue, 05 Mar 2013 17:45:00 +0900|019. 이웃집 정무수석|인터뷰 후기 : 그 사람 잘 몰랐다.|http://feeds.soundcloud.com/stream/81883017-ddanzi-u-19.mp3
Tue, 12 Mar 2013 16:00:00 +0900|020. 크루세이더/파트타이머|알바 트랙백  pt.2- 나는 어떻게 댓글알바를 찾아냈는가|http://feeds.soundcloud.com/stream/82874992-ddanzi-u-20.mp3
Thu, 21 Mar 2013 09:15:00 +0900|021. 국민영웅 이봉걸 (上):10년 꿇은 챔피언|국민영웅 이봉걸 (上) : 10년 꿇은 챔피언을 본적이 있는가|http://feeds.soundcloud.com/stream/84069157-ddanzi-u-21.mp3
Thu, 28 Mar 2013 14:13:00 +0900|022. 스카이넷!!!???|시사해설 그렇게는 알기 싫다 : 미디어 독점권 쟁탈전|http://feeds.soundcloud.com/stream/85130895-ddanzi-u-22.mp3
Wed, 03 Apr 2013 15:28:00 +0900| 023a. 또 하나의(X) 가족(O) |삼성반도체공장 이야기 - 개괄|http://feeds.soundcloud.com/stream/86036348-ddanzi-u-23.mp3
Tue, 09 Apr 2013 16:20:00 +0900|023b. 잉여로운 감독의 의로운 임무 |[또 하나의 가족] 김태윤 감독과의 인터뷰|http://feeds.soundcloud.com/stream/86881816-ddanzi-u-23-2.mp3
Thu, 18 Apr 2013 13:33:00 +0900|024. 국민영웅 이봉걸:멘탈장사 만만세|국민영웅 이봉걸(下) : 대한민국 = 이봉걸|http://feeds.soundcloud.com/stream/88263985-ddanzi-u-24.mp3
Wed, 24 Apr 2013 06:49:00 +0900|025. 오늘부터 새투표 오픈베타테스트|4.24 재보선 소개,이번부터 달라지는 투개표 방식|http://feeds.soundcloud.com/stream/89206907-ddanzi-u-25.mp3
Wed, 01 May 2013 17:41:00 +0900|Update: 최세용의 편지|Update: 최세용의 편지|http://feeds.soundcloud.com/stream/90268545-ddanzi-u-u-3.mp3
Tue, 07 May 2013 16:20:00 +0900|026. 김창규 어드벤처:불법 인터넷 도박의 심장|불법 인터넷 도박 업체를 추적한 취재팀의 1년 |http://feeds.soundcloud.com/stream/91067836-ddanzi-u-26.mp3
Tue, 07 May 2013 16:22:00 +0900|Gag Reel 026|업데이트 지연 사죄용|http://feeds.soundcloud.com/stream/91068123-ddanzi-u-g.mp3
Tue, 07 May 2013 16:36:00 +0900|027. 부실한 스카이넷!!!???|미디어 독점권 쟁탈전(2) - 조중동이 받게 될 이상한 선물, 일산 디콘센터|http://feeds.soundcloud.com/stream/91069182-ddanzi-u-27.mp3
Tue, 07 May 2013 16:37:00 +0900|Gag Reel 027|업데이트 지연 사죄용|http://feeds.soundcloud.com/stream/91069317-ddanzi-u-g-2.mp3
Fri, 10 May 2013 14:59:00 +0900|Update: 워싱턴DC 성추문 리포트|Update: 워싱턴DC 성추문 리포트|http://feeds.soundcloud.com/stream/91525755-ddanzi-u-u-4.mp3
Tue, 14 May 2013 23:54:00 +0900|028. Lott... hell.|한 사람의 영업사원이 죽음으로 몰리기 까지|http://feeds.soundcloud.com/stream/92155586-ddanzi-u-28.mp3
Tue, 21 May 2013 17:23:00 +0900|029a. Viva La Twitter|광주FC, 최만희 감독만의 억울함은 아니다|http://feeds.soundcloud.com/stream/93178711-ddanzi-u-29.mp3
Tue, 21 May 2013 17:32:00 +0900|029b. 혈액형은 U형|살려두긴 띠꺼운 혈액형 성격론|http://feeds.soundcloud.com/stream/93179348-ddanzi-u-29-2.mp3
Tue, 28 May 2013 18:25:00 +0900|030. 그것은 알기 싫다|양비론의 폐해를 지적하는 양비론의 폐해를 지적하는 양비론|http://feeds.soundcloud.com/stream/94274290-ddanzi-u-30.mp3
Tue, 04 Jun 2013 21:49:00 +0900|031. 한 남자가 있어/얼마 전 종편간|손석희의 japanese tbc행, 어떻게 안볼 것인가|http://feeds.soundcloud.com/stream/95372900-ddanzi-u-31.mp3
Tue, 11 Jun 2013 12:29:00 +0900|032. 신인류 연대기:스톨만의 좋까|GNU's Not UNIX - 리차드 스톨만의 신선놀음|http://feeds.soundcloud.com/stream/96360356-ddanzi-u-32.mp3
Wed, 19 Jun 2013 14:49:00 +0900|033. 또 하나의 가족만 빼면 모두가 가족|단국대 영화과 졸업하신 강찬규씨를 비롯, 영화 (또 하나의 가족)의 존재를 알고계신 모든 분들에 대한 인사말|http://feeds.soundcloud.com/stream/97515353-ddanzi-u-33.mp3
Wed, 26 Jun 2013 01:38:00 +0900|034. 신인류 연대기:성당과 시장과 특허|The Cathedral, the Bazaar and the Patent|http://feeds.soundcloud.com/stream/98400342-ddanzi-u-34.mp3
Tue, 02 Jul 2013 23:03:00 +0900|035a. 한국(퍼가염~♪)일보|개드립 듀오 + 시사난타H = 직장폐쇄 한국일보의 po퍼가염wer|http://feeds.soundcloud.com/stream/99368184-ddanzi-u-35.mp3
Wed, 03 Jul 2013 16:39:00 +0900|035b. 언론사 2종 벤치마크 - 한국일보 vs. 딴지일보|개드립 듀오 + 시사난타H = 김어준 장재구 평행이론|http://feeds.soundcloud.com/stream/99482484-ddanzi-u-35-2.mp3
Tue, 09 Jul 2013 22:25:00 +0900|036. 신인류 연대기:PC와 청년들|대하사극 신인류 연대기: 개인용 컴퓨터, 인류를 접수하다.|http://feeds.soundcloud.com/stream/100308099-ddanzi-u-36.mp3
Tue, 16 Jul 2013 20:35:00 +0900|037. 신인류 연대기:작고 부드러운 왕자|The Chronicles of Geekia: Prince Microsoft|http://feeds.soundcloud.com/stream/101272444-ddanzi-u-37.mp3
Tue, 23 Jul 2013 17:19:00 +0900|038. 장삼이사 창업정보 (上)|사상 가장 번잡한 에피소드: 과일찹쌀떡 사건의 여러가지 시각|http://feeds.soundcloud.com/stream/102231962-ddanzi-u-38.mp3
Tue, 30 Jul 2013 22:15:00 +0900|039a. 신인류 연대기:은 윈텔|The Chronicles of Geekia : The Silver WinTel|http://feeds.soundcloud.com/stream/103243774-ddanzi-u-39.mp3
Wed, 31 Jul 2013 09:01:00 +0900|039b. 장삼이사 창업정보 (下)|청취자 여러분. 주변에 이 문제를 짧고 큰 소리로 똑부러지게 결론내리는 사람과 최대한 멀어지시면 일상생활에 도움이 됩니다.|http://feeds.soundcloud.com/stream/103327320-ddanzi-u-39-2.mp3
Tue, 06 Aug 2013 14:27:00 +0900|040. 신인류 연대기:무한 접속호의 항해|The Chronicles of Geekia: The Voyage of The Infinite Connections|http://feeds.soundcloud.com/stream/104213795-ddanzi-u-40.mp3
Tue, 13 Aug 2013 14:21:00 +0900|041. 모두의 약육강식|희망세상 보호작업장의 문제를 침묵한 우리들의 이야기|http://feeds.soundcloud.com/stream/105196308-ddanzi-u-41.mp3
Wed, 21 Aug 2013 01:17:00 +0900|042. 기본교양 게임사의 잉해|기본교양 게임의 잉해(1/4): 게임사 총론|http://feeds.soundcloud.com/stream/106358145-ddanzi-u-42.mp3
Fri, 23 Aug 2013 23:59:00 +0900|043. 기본교양 콘솔사의 잉해|기본교양 게임의 잉해(2/4): 콘솔사|http://feeds.soundcloud.com/stream/106848894-ddanzi-u-43.mp3
Wed, 28 Aug 2013 11:02:00 +0900|044. 기본교양 게임문학의 잉해|기본교양 게임의 잉해(3/4): PC게임예술의 잉해 INGtroducing ludology|http://feeds.soundcloud.com/stream/107581819-ddanzi-u-44.mp3
Fri, 30 Aug 2013 15:34:00 +0900|045. 기본교양 게임문화의 잉해|기본교양 게임의 잉해(4/4): 게임문화와 대한게임국의 한계|http://feeds.soundcloud.com/stream/107958756-ddanzi-u-45.mp3
Tue, 03 Sep 2013 19:19:00 +0900|Gag Reel 2013 여름|출연자 휴식보장용|http://feeds.soundcloud.com/stream/108631531-ddanzi-u-g-3.mp3
Tue, 10 Sep 2013 16:43:00 +0900|Update: 여전히 모두의 약육강식|여전히 모두의 약육강식|http://feeds.soundcloud.com/stream/109682423-ddanzi-u-u-5.mp3
Wed, 11 Sep 2013 15:05:00 +0900|046. 신인류 연대기:모바일 전투|The Chronicles of Geekia: The Latest Battle|http://feeds.soundcloud.com/stream/109836355-ddanzi-u-46.mp3
Wed, 18 Sep 2013 16:25:00 +0900|047. 잉여로운 감독의 두서없는 추석|추석특집 두서없는 전문직 이야기;김태윤 감독에게서 듣는 영화스탭으로 망하는 법/시나리오 작가로 망하는 법/감독이 되는 법/감독이 되고 망하는 법/한국 영화계에서 망하기 위한 모든 비법에 대한 논의|http://feeds.soundcloud.com/stream/111046899-ddanzi-u-47.mp3
Wed, 25 Sep 2013 00:45:00 +0900|048a. 모두의 건강검진|현직 산부인과의사에게 듣는 경제적이고 현명(할 수도 있고 아닐 수도 있으나  고민은 해보아야)할 건강검진 이야기|http://feeds.soundcloud.com/stream/112232551-ddanzi-u-48.mp3
Wed, 25 Sep 2013 03:23:00 +0900|048b. 모두의 분만|락수미 의학전문기자에게 듣는 산부인과 갈 때 알아두면 덜 우울할 우울한 정보들|http://feeds.soundcloud.com/stream/112262983-ddanzi-u-48-2.mp3
Tue, 01 Oct 2013 15:04:00 +0900|049. 너님사용계약서|취재기록 딴지포스트: 넌 너무 내꺼 - 키위툰 사건이 보여준 만화업계의 오늘|http://feeds.soundcloud.com/stream/113314842-ddanzi-u-49.mp3
Tue, 08 Oct 2013 18:47:00 +0900|050. 靑, "안알랴줌"|워터엘리멘탈? 네크로멘서? 청와대 안 미지의 존재들에 대하여.|http://feeds.soundcloud.com/stream/114363878-ddanzi-u-50.mp3
Wed, 16 Oct 2013 00:40:00 +0900|051. 기꺼이 속는 삶|우리가 부자를 걱정하는데 쓰는 시간의 가치에 대하여|http://feeds.soundcloud.com/stream/115465687-ddanzi-u-51.mp3
Tue, 22 Oct 2013 19:21:00 +0900|052a. 10.30 재보선 컴플릿 가이드|재보선을 하게될곳과 할뻔했던곳들|http://feeds.soundcloud.com/stream/116506506-ddanzi-u-52.mp3
Wed, 23 Oct 2013 11:37:00 +0900|052b. 국회가 통과시키지 않을 마지막 법안|또다른 9선 의원을 만나지 않을 방법|http://feeds.soundcloud.com/stream/116629120-ddanzi-u-52-2.mp3
Tue, 29 Oct 2013 15:06:00 +0900|053. 아이보다 좁은 세상|마사오의 절대악을 찾아서 - 실패 #4|http://feeds.soundcloud.com/stream/117573777-ddanzi-u-53.mp3
Wed, 06 Nov 2013 14:20:00 +0900|054. 노예이고 싶은 마음과의 싸움 1|대한민국에서 제정신인 스승을 만날 방법은 있는가(1/2)|http://feeds.soundcloud.com/stream/118791769-ddanzi-u-54.mp3
Tue, 12 Nov 2013 19:31:00 +0900|055. 노예이고 싶은 마음과의 싸움 2|대한민국에서 제정신인 스승을 만날 방법은 있는가(2/2)|http://feeds.soundcloud.com/stream/119750063-ddanzi-u-55.mp3
Tue, 19 Nov 2013 22:00:00 +0900|056. 줄푸세.backup|줄푸세 2.0 - 줄어든 수입를 위해 / 경찰을 풀어 / 세원을 확보하다|http://feeds.soundcloud.com/stream/120869607-ddanzi-u-56.mp3
Tue, 26 Nov 2013 23:08:00 +0900|057a. 양심있는 욕심 기본소득:배경|기본소득 알기 싫다(1) - 대안없인 공멸이다.|http://feeds.soundcloud.com/stream/121978943-ddanzi-u-57.mp3
Wed, 27 Nov 2013 13:36:00 +0900|057b. 양심있는 욕심 기본소득:미완성 이론|기본소득 알기 싫다(2) - 오지않을 미래|http://feeds.soundcloud.com/stream/122094624-ddanzi-u-57-2.mp3
Tue, 03 Dec 2013 06:53:00 +0900|058. 양심있는 욕심 기본소득:공상|기본소득 알기 싫다(3) - 공짜점심은 없다. '공짜점심은 없다'고 말하며 우리가 일한 댓가를 가로채는 씨발놈들만 있을 뿐.|http://feeds.soundcloud.com/stream/122936032-ddanzi-u-58.mp3
Wed, 11 Dec 2013 16:55:00 +0900|059a. 또 만명 떠밀려난다:밀양|취재기록 딴지포스트: 녹색당 밀양 리포트.|http://feeds.soundcloud.com/stream/124284924-ddanzi-u-59.mp3
Thu, 12 Dec 2013 04:03:00 +0900|059b. 또 만명 떠밀려난다:영종도|취재기록 딴지포스트 : 멋지다 마사오 인천공항 기동취재|http://feeds.soundcloud.com/stream/124355497-ddanzi-u-59-2.mp3
Wed, 18 Dec 2013 00:06:00 +0900|060. 지켜야할 약속/김규열선장 사망소식에 부쳐|영화가산책 그영화알기싫다; '또 하나의 약속' 제작보고회 ,취재기록딴지포스트; 김규열선장 사망소식에 부쳐|http://feeds.soundcloud.com/stream/125267881-ddanzi-u-60.mp3
Tue, 24 Dec 2013 15:14:00 +0900|061. 역사=나|시사해설 그렇게는 알기 싫다; 우리 및 박성호氏의 사상 가장 당연한 결론을 가진 이야기|http://feeds.soundcloud.com/stream/126283608-ddanzi-u-61.mp3
Tue, 31 Dec 2013 18:00:00 +0900|062. 아이들에게 부끄러운 2013년|취재기록 딴지포스트; 연희초등학교 사태 후속보도로 본 우리의 2013年|http://feeds.soundcloud.com/stream/127248032-ddanzi-u-62.mp3
Tue, 07 Jan 2014 14:48:00 +0900|063. 월급≠새경|시사해설 그렇게는 알기 싫다; 통상임금과 실질임금 - 우리의 월급을 주는 사람들은 우리의 월급을 어떻게 하고 싶어하는가|http://feeds.soundcloud.com/stream/235096154-ddanzi-u-63.mp3
Tue, 14 Jan 2014 16:18:00 +0900|064. 열 민영아 안사랑해|생활정보 민영아 안사랑해; 열을 왜 거래하며 누가 거래하는가|http://feeds.soundcloud.com/stream/129441213-ddanzi-u-64.mp3
Tue, 21 Jan 2014 22:11:00 +0900|065. 영희 병원 안사랑해|생활정보 민영아 안사랑해; 병원에는 민영이 친구 영희|http://feeds.soundcloud.com/stream/130624637-ddanzi-u-65.mp3
Tue, 28 Jan 2014 23:48:00 +0900|066. 민영 건보 안사랑해|생활정보 민영아 안사랑해; 국영보험이 사라질 때|http://feeds.soundcloud.com/stream/131817628-ddanzi-u-66.mp3
Tue, 04 Feb 2014 09:49:00 +0900|067. 민영이는 날 사랑해|생활정보 민영아 안사랑해; 정부는 나의 정보를 어디로 보내고, 그에 따른 댓가는 누구에게 줄 것인가|http://feeds.soundcloud.com/stream/132936389-ddanzi-u-67.mp3
Tue, 11 Feb 2014 14:05:00 +0900|068. 흡혈30년 (上)|다큐멘터리 직업의 세계; 대한민국 대표직업 대리기사|http://feeds.soundcloud.com/stream/134177587-ddanzi-u-68.mp3
Tue, 18 Feb 2014 17:57:00 +0900|069. 필리핀 납치살해사건|취재기록 딴지포스트; 의외의 제보자의 등장으로 새로운 국면을 맞게된 필리핀 납치사건, 여전히 지지부진한 외교부의 반응|http://feeds.soundcloud.com/stream/135437376-ddanzi-u-69.mp3
Tue, 25 Feb 2014 19:06:00 +0900|070. 민주당 알기 어렵다|추적 인터뷰 결과를 알기 싫다; 민주당 김광진 의원 인터뷰 - 민주당은 무엇을, 왜, 어째서 놓치고 있는가|http://feeds.soundcloud.com/stream/136645643-ddanzi-u-70.mp3
Wed, 05 Mar 2014 04:58:00 +0900|071. 흡혈30년 (下)|다큐멘터리 직업의 세계; 대한민국 대표직업 대리기사|http://feeds.soundcloud.com/stream/137918839-ddanzi-u-71.mp3
Tue, 18 Mar 2014 18:22:00 +0900|072. 슈퍼311조 |취재기록 딴지포스트; 당신도 고소할 수 있다- 대구 김어준(가명)씨와 안산 이명박(가명)씨 外 다수의 사례로 본 모욕죄 생활정보 $.$|http://feeds.soundcloud.com/stream/140160273-ddanzi-u-72.mp3
Tue, 25 Mar 2014 18:37:00 +0900|회의|그것은 알기 싫다|http://feeds.soundcloud.com/stream/141313063-ddanzi-u-73.mp3
Tue, 25 Mar 2014 18:39:00 +0900|073a. 대체 국회의원이 뭐야?|시사해설 그렇게는 알기 싫다; 국회의원이 되려는 히치하이커를 위한 가이드북(1) - 국회의원 기초개념|http://feeds.soundcloud.com/stream/141315217-ddanzi-u-73-1.mp3
Thu, 27 Mar 2014 12:18:00 +0900|073b. 그럼 국회의원은 뭘해?|시사해설 그렇게는 알기 싫다; 국회의원이 되려는 히치하이커를 위한 가이드북(2) - 국회의원의 (불가능한) 업무|http://feeds.soundcloud.com/stream/141629734-ddanzi-u-73-2.mp3
Tue, 01 Apr 2014 16:10:00 +0900|074a. 21C 언론정보학:연애와 언론|기본교양 21세기 언론정보학(1);개괄 - 먹이사슬과 밀당|http://feeds.soundcloud.com/stream/142482877-ddanzi-u-74.mp3
Wed, 02 Apr 2014 12:54:00 +0900|074b. 죽음의 Y2XP|신묘불측 Y2XP, 대한민국의 위기(1) ;개괄|http://feeds.soundcloud.com/stream/142637113-ddanzi-u-74-2.mp3
Tue, 08 Apr 2014 18:06:00 +0900|075a. 21C 언론정보학:언론인 취업 가이드|기본교양 21세기 언론정보학(1);꼬붕과 언론 - 언론정보학도들의 취업유형별 미래|http://feeds.soundcloud.com/stream/143666431-ddanzi-u-75.mp3
Wed, 09 Apr 2014 04:16:00 +0900|075b. 꼬붕 대한민국의 Y2XP|신묘불측 Y2XP, 대한민국의 위기(2); 외부권력에 대한 정부의 신탁의 결과 - 보안 홀|http://feeds.soundcloud.com/stream/143743531-ddanzi-u-75-2.mp3
Tue, 15 Apr 2014 19:00:00 +0900|076a. 21C 언론정보학:누구를 위한 기사인가|기본교양 21세기 언론정보학(3); 왕과 언론 - 애완용 출입기자|http://feeds.soundcloud.com/stream/144787603-ddanzi-u-76.mp3
Wed, 16 Apr 2014 12:45:00 +0900|076b. ATM Y2XP|신묘불측 Y2XP, 대한민국의 위기(3); 다양성을 무시하는 습관을 가진 국가가 겪게될 일|http://feeds.soundcloud.com/stream/145091284-ddanzi-u-76-2.mp3
Wed, 23 Apr 2014 01:40:00 +0900|077a. 21C 언론정보학:포털의 수전노|기본교양 21세기 언론정보학(4);포털과 언론 - 네이버의 하수인들, 다음의 하청업체들|http://feeds.soundcloud.com/stream/145941738-ddanzi-u-77.mp3
Wed, 24 Apr 2014 11:35:00 +0900|077b. 또 만나요 Y2XP|신묘불측 Y2XP, 대한민국의 위기(4); 미래예측 - 마이크로소프트의 OS가 바뀔때마다 전재산을 날리는 국민이 나온다|http://feeds.soundcloud.com/stream/146092349-ddanzi-u-77-2.mp3
Tue, 28 Apr 2014 17:06:00 +0900|078a. 21C 언론정보학 FAQ|기본교양 21세기 언론정보학(5); QnA|http://feeds.soundcloud.com/stream/147018400-ddanzi-u-78.mp3
Thu, 01 May 2014 13:23:00 +0900|078b. 책임지지 않는 사회|시사해설 그렇게는 알기 싫다; 책임지는 사회는 모두가 함께 책임진다|http://feeds.soundcloud.com/stream/147336133-ddanzi-u-78-2.mp3
Thu, 01 May 2014 13:28:00 +0900|shoutout|shoutout|http://feeds.soundcloud.com/stream/147336593-ddanzi-u-79.mp3
Thu, 24 Apr 2014 01:36:00 +0900|Test:Useless piece of s##t|매킨토시의 단축키와 인종차별|http://feeds.soundcloud.com/stream/181164102-xsfm-useless-piece-of-st-1.mp3
Tue, 06 May 2014 19:15:00 +0900|지방선거 데이터센트럴 : Overview|제6회 전국동시지방선거 데이터센트럴;01-Overview. 현재까지의 지방선거 큰그림.|http://feeds.soundcloud.com/stream/181165688-xsfm-l8dzfu3qfxrj.mp3
Wed, 07 May 2014 18:10:00 +0900|지방선거 데이터센트럴 : 강원|제6회 전국동시지방선거 데이터센트럴;02-강원|http://feeds.soundcloud.com/stream/181167804-xsfm-4itp8fmw4lwe.mp3
Fri, 09 May 2014 00:45:00 +0900|지방선거 데이터센트럴 : 전북|제6회 전국동시지방선거 데이터센트럴;03-전북|http://feeds.soundcloud.com/stream/181169588-xsfm-ay13vlcd7eke.mp3
Fri, 09 May 2014 18:00:00 +0900|지방선거 데이터센트럴 : 전남|제6회 전국동시지방선거 데이터센트럴;04-전남|http://feeds.soundcloud.com/stream/181169744-xsfm-7hhptarnnqic.mp3
Mon, 12 May 2014 18:10:00 +0900|지방선거 데이터센트럴 : 광주|제6회 전국동시지방선거 데이터센트럴;05-광주|http://feeds.soundcloud.com/stream/181171361-xsfm-mltcn74tbte6.mp3
Tue, 13 May 2014 18:00:00 +0900|지방선거 데이터센트럴 : 대구|제6회 전국동시지방선거 데이터센트럴;06-대구|http://feeds.soundcloud.com/stream/181182763-xsfm-kiaokmpj4xe3.mp3
Wed, 14 May 2014 18:00:00 +0900|지방선거 데이터센트럴 : 경북|제6회 전국동시지방선거 데이터센트럴;07-경북|http://feeds.soundcloud.com/stream/181183171-xsfm-ttuywk0h3bkg.mp3
Thu, 15 May 2014 23:35:00 +0900|지방선거 데이터센트럴 : 울산|제6회 전국동시지방선거 데이터센트럴;08-울산|http://feeds.soundcloud.com/stream/181183322-xsfm-45eaputy832k.mp3
Fri, 16 May 2014 17:45:00 +0900|지방선거 데이터센트럴 : 경남|제6회 전국동시지방선거 데이터센트럴;09-경남|http://feeds.soundcloud.com/stream/181183878-xsfm-ouhsjdvovjyv.mp3
Mon, 19 May 2014 17:48:00 +0900|지방선거 데이터센트럴 : 부산|제6회 전국동시지방선거 데이터센트럴;10-부산|http://feeds.soundcloud.com/stream/181184407-xsfm-qqe7xovsuuoh.mp3
Tue, 20 May 2014 18:42:00 +0900|지방선거 데이터센트럴 : 충남|제6회 전국동시지방선거 데이터센트럴;11-충남|http://feeds.soundcloud.com/stream/181185382-xsfm-twv6jly4zqxb.mp3
Wed, 21 May 2014 17:30:00 +0900|지방선거 데이터센트럴 : 충북|제6회 전국동시지방선거 데이터센트럴;12-충북|http://feeds.soundcloud.com/stream/181185682-xsfm-7jkqmixb9tb4.mp3
Fri, 23 May 2014 02:17:00 +0900|지방선거 데이터센트럴 : 대전|제6회 전국동시지방선거 데이터센트럴;13-대전|http://feeds.soundcloud.com/stream/181186452-xsfm-uqvdexoumkl5.mp3
Fri, 23 May 2014 17:30:00 +0900|지방선거 데이터센트럴 : 세종|제6회 전국동시지방선거 데이터센트럴;14-세종특별자치시|http://feeds.soundcloud.com/stream/181186945-xsfm-jjsklko3luyr.mp3
Mon, 26 May 2014 17:30:00 +0900|지방선거 데이터센트럴 : 제주|제6회 전국동시지방선거 데이터센트럴;15-제주특별자치도|http://feeds.soundcloud.com/stream/181191163-xsfm-kshbimwnpeur.mp3
Tue, 27 May 2014 18:00:00 +0900|지방선거 데이터센트럴 : 인천|제6회 전국동시지방선거 데이터센트럴;16-인천|http://feeds.soundcloud.com/stream/181191472-xsfm-1zgmn2jvqkxh.mp3
Wed, 28 May 2014 22:44:00 +0900|지방선거 데이터센트럴 : 경기|제6회 전국동시지방선거 데이터센트럴;17-경기|http://feeds.soundcloud.com/stream/181191966-xsfm-a2ozfiaxtk2v.mp3
Fri, 30 May 2014 11:48:00 +0900|지방선거 데이터센트럴 : 서울|제6회 전국동시지방선거 데이터센트럴;18-서울|http://feeds.soundcloud.com/stream/181192300-xsfm-eyobtnimb4vd.mp3
Tue, 10 Jun 2014 17:00:00 +0900|Gag Reel 2014 봄|방송 시작 후 가장 긴 휴식기를 대신하여.|http://feeds.soundcloud.com/stream/181192559-xsfm-gag-reel-2015.mp3
Wed, 25 Jun 2014 18:00:00 +0900|079. 견제 받지 않는 힘은 무슨 일을 하게 될까:재건축조합|기동취재 출동 오거서:  /// 가락시영아파트 재건축의 흑역사|http://feeds.soundcloud.com/stream/181193104-xsfm-079a-1.mp3
Thu, 26 Jun 2014 18:00:00 +0900|080. 견제 받지 않는 힘은 무슨 일을 하게 될까:애플|슬로우뉴스와 함께하는 시사 되새김질:iNeglect - 애플의 당당한 직무태만|http://feeds.soundcloud.com/stream/181193475-xsfm-080a-1.mp3
Fri, 27 Jun 2014 17:55:00 +0900|081. 견제 받지 않는 힘은 무슨 일을 하게 될까:軍|호국보훈의 달 기념 국방 리포트 다털릴까 두렵다(1)|http://feeds.soundcloud.com/stream/181193942-xsfm-081a.mp3
Thu, 03 Jul 2014 18:00:00 +0900|082. 靑, "안알랴줌" ii|시사해설 그렇게는 알기 싫다;  /// Who are Charlie and his/her Angels?|http://feeds.soundcloud.com/stream/181194314-xsfm-082-ii.mp3
Fri, 04 Jul 2014 18:15:00 +0900|083. 軍에 대한 열가지 이야기|국방리포트 다털릴까 두렵다;  /// 軍, "안알랴줌"|http://feeds.soundcloud.com/stream/181194703-xsfm-083a.mp3
Mon, 14 Jul 2014 16:59:00 +0900|재보궐선거 데이터센트럴:도|2014.7.30. 재보궐선거 데이터센트럴;  /// 경기도, 충청남도, 충청북도, 전라남도|http://feeds.soundcloud.com/stream/181195289-xsfm-animkq9i9dvx.mp3
Tue, 15 Jul 2014 21:54:00 +0900|재보궐선거 데이터센트럴:시|2014.7.30. 재보궐선거 데이터센트럴;  /// 울산광역시, 대전광역시, 광주광역시, 서울특별시|http://feeds.soundcloud.com/stream/181196002-xsfm-cycbk3x4h3ae.mp3
Thu, 17 Jul 2014 18:05:00 +0900|084a. 견제 받지 않는 힘은 무슨 일을 하게 될까:자동차 회사(上)|기동취재 출동 오거서:  /// 자동차회사가 견제당해야 하는 이유 - SM5 엔진탈출사건(上)|http://feeds.soundcloud.com/stream/181196870-xsfm-084a.mp3
Mon, 21 Jul 2014 16:59:00 +0900|084b. 견제 받지 않는 힘은 무슨 일을 하게 될까:자동차 회사(下)|기동취재 출동 오거서:  /// 자동차회사가 견제당해야 하는 이유 - SM5 엔진탈출사건(下)|http://feeds.soundcloud.com/stream/181197268-xsfm-084b.mp3
Thu, 24 Jul 2014 19:58:00 +0900|085a. 네임드와 커뮤니티의 관계 1|느린 취재 물뚝 리포트  /// ; 사회와 유명인사, 유명세가 가진 힘과 부작용의 상관관계에 대하여|http://feeds.soundcloud.com/stream/181197437-xsfm-085a-1.mp3
Fri, 25 Jul 2014 19:57:00 +0900|085b. 네임드와 커뮤니티의 관계 2|거동 취재 물뚝 리포트  /// ; 한국 LGBT영화제의 얼굴이 바뀐 이유 + 이 문제에 대해 아무도 외부에 큰 소리를 내지 못하는 이유|http://feeds.soundcloud.com/stream/181197705-xsfm-085b-2.mp3
Tue, 29 Jul 2014 18:40:00 +0900|2014 하반기 재보궐선거 데이터센트럴:선거운동 최종일|재보궐선거 데이터센트럴:선거운동기간 동안 생긴 데이터-공보,유세,토론,사퇴,etc.|http://feeds.soundcloud.com/stream/181198523-xsfm-mb44r1czllp8.mp3
Fri, 08 Aug 2014 18:10:00 +0900|2014 하반기 재보궐선거 기록실|7.30 재보궐선거 기록실|http://feeds.soundcloud.com/stream/181199141-xsfm-wzph2g2qufhc.mp3
Thu, 14 Aug 2014 17:50:00 +0900|086a. 누군가에겐 꼭 필요한 기록(上)|기동취재 출동 오거서  /// : 대한민국의 대부업(1/2)|http://feeds.soundcloud.com/stream/181198827-xsfm-086a.mp3
Fri, 15 Aug 2014 21:12:00 +0900|086b. 누군가에겐 꼭 필요한 기록(下)|기동취재 출동 오거서  /// : 대한민국의 대부업(2/2)|http://feeds.soundcloud.com/stream/181199411-xsfm-086b.mp3
Thu, 21 Aug 2014 17:30:00 +0900|087a. 얼음과 불의 서문|A Geek on Ice and Fire  /// ;Preface|http://feeds.soundcloud.com/stream/181199780-xsfm-087a.mp3
Fri, 22 Aug 2014 18:00:00 +0900|087b. 얼음과 불의 잉해:고대사|A Geek on Ice and Fire  /// ;Introduction|http://feeds.soundcloud.com/stream/181200209-xsfm-087b.mp3
Thu, 28 Aug 2014 17:50:00 +0900|088a. 충격!|21C 언론정보학 - 위기탈출 넘버 기레기  /// ; 충격 고로케의 실험|http://feeds.soundcloud.com/stream/181200556-xsfm-088a.mp3
Thu, 28 Aug 2014 18:55:00 +0900|088b. 한편 네티즌들은...|21C 언론정보학 - 위기탈출 넘버 기레기  /// ; 카피 고로케의 실험|http://feeds.soundcloud.com/stream/181200696-xsfm-088b.mp3
Thu, 28 Aug 2014 20:00:00 +0900|088c. 알고 보니|21C 언론정보학 - 위기탈출 넘버 기레기  /// ; 각자 알아서 클릭을 중단하라|http://feeds.soundcloud.com/stream/181200909-xsfm-088c.mp3
Fri, 29 Aug 2014 17:58:00 +0900|089. 얼음과 불의 잉해:타르가르옌|A Geek on Ice and Fire  /// ;A Clan of Dragons|http://feeds.soundcloud.com/stream/181201351-xsfm-089a.mp3
Thu, 04 Sep 2014 18:58:00 +0900|090. E MARTerror|생활정보 한편 다른회사에서는...  /// ; 빅 브라더 이마트|http://feeds.soundcloud.com/stream/181201540-xsfm-090-e-marterror.mp3
Fri, 05 Sep 2014 17:52:00 +0900|091. 얼음과 불의 잉해:바라테온|A Geek on Ice and Fire  /// ;A Crushed King|http://feeds.soundcloud.com/stream/166326268-xsfm-idwk091.mp3
Sat, 06 Sep 2014 17:46:00 +0900|092. 얼음과 불의 잉해:라니스터|A Geek on Ice and Fire  /// ;A Storm of Dumbass|http://feeds.soundcloud.com/stream/166467106-xsfm-idwk092.mp3
Fri, 12 Sep 2014 18:30:00 +0900|093a. 누군가에겐 꼭 필요한 기록 2(上)|기동취재 출동 오거서  /// ;태권브이, 대부업에 대한 좀 더 자세한 이야기|http://feeds.soundcloud.com/stream/167376325-xsfm-idwk093a.mp3
Sat, 13 Sep 2014 15:40:00 +0900|093b. 누군가에겐 꼭 필요한 기록 2(下)|기동취재 출동 오거서  /// ;대부업의 수렁, 희망을 찾아가고 싶은데 잘 안보인다|http://feeds.soundcloud.com/stream/167509745-xsfm-idwk093b.mp3
Thu, 18 Sep 2014 18:00:00 +0900|094a. 얼음과 불의 잉해:마텔, 리드, 카스타크, 볼튼, 몰몬트, 툴리, 프레이, 클레게인, 페인, 아린, 타스, 티렐, 그레이조이, 리틀핑거, 바리스, 시리오 포렐, 칼 드로고, 다보스 시워스, 세이, 샘웰 탈리, 만스 레이더, 이그리트, 크레스터 (上)|A Geek on Ice and Fire  /// ;Appendix(1/2)|http://feeds.soundcloud.com/stream/168261675-xsfm-idwk094a.mp3
Fri, 19 Sep 2014 18:15:00 +0900|095a. MyPinhead:나는야 공공재|슬로우뉴스와 함께하는 시사 되새김질  /// ;MyPinhead(上) - 내 개인정보의 영원한 고통|http://feeds.soundcloud.com/stream/168412824-xsfm-idwk095a.mp3
Thu, 25 Sep 2014 17:54:00 +0900|095b. MyPinhead:엉엉 날 그만 가져요|슬로우뉴스와 함께하는 시사 되새김질  /// ;MyPinhead(下) - '나'를 완전 개방하다|http://feeds.soundcloud.com/stream/169285346-xsfm-idwk095b.mp3
Fri, 26 Sep 2014 17:06:00 +0900|094b. 얼음과 불의 잉해:마텔, 리드, 카스타크, 볼튼, 몰몬트, 툴리, 프레이, 클레게인, 페인, 아린, 타스, 티렐, 그레이조이, 리틀핑거, 바리스, 시리오 포렐, 칼 드로고, 다보스 시워스, 세이, 샘웰 탈리, 만스 레이더, 이그리트, 크레스터 (下)|A Geek on Ice and Fire  /// ;Appendix(1/2)|http://feeds.soundcloud.com/stream/169421505-xsfm-idwk094b.mp3
Mon, 29 Sep 2014 17:15:00 +0900|096. 취재하고 보도해라|긴급편성: 이건희 회장 사망설 관련 보도, 왜 모든 언론사가 취재하지 않고 보도하는가|http://feeds.soundcloud.com/stream/169836079-xsfm-idwk096.mp3
Fri, 03 Oct 2014 18:25:00 +0900|097a. 얼음과 불의 잉해:스타크(上)|A Geek on Ice And Fire  /// :A Feast for Wolves(1/2)|http://feeds.soundcloud.com/stream/170443598-xsfm-idwk097a.mp3
Thu, 09 Oct 2014 18:19:00 +0900|098. 港人治港|외신분석 단어만 다른 우리 이야기  /// ; 뜨겁고, 노랗게, 살아있는 홍콩의 오늘을 분석하다|http://feeds.soundcloud.com/stream/171315222-xsfm-idwk098.mp3
Fri, 10 Oct 2014 17:50:00 +0900|097b. 얼음과 불의 잉해:스타크(下)|A Geek on Ice And Fire  /// :A Feast for Wolves(2/2)|http://feeds.soundcloud.com/stream/171469742-xsfm-idwk097b.mp3
Thu, 16 Oct 2014 17:32:00 +0900|099a. 얼음과 불의 잉해:원칙과 정의 그리고 사랑|A Geek on Ice And Fire  /// ;The Minds of Winter|http://feeds.soundcloud.com/stream/172391844-xsfm-idwk099a.mp3
Fri, 17 Oct 2014 17:00:00 +0900|099b. 권력과 돈의 노래|A Geek on Ice And Fire  /// ;A Dream of Bling-bling|http://feeds.soundcloud.com/stream/172539621-xsfm-idwk099b.mp3
Thu, 23 Oct 2014 17:38:00 +0900|100a. The Whole Q&A(1/2)|만드는 잉여와 소비하는 잉여의 대화 a|http://feeds.soundcloud.com/stream/173444769-xsfm-idwk100a.mp3
Fri, 24 Oct 2014 16:55:00 +0900|100b. The Whole Q&A(2/2)|만드는 잉여와 소비하는 잉여의 대화 b|http://feeds.soundcloud.com/stream/173606119-xsfm-idwk100b.mp3
Thu, 30 Oct 2014 18:00:00 +0900|101a. 당신 탓이 아닙니다|물뚝리포트  /// ;몇몇 청취자 분의 메일에 대한 우리의 공개답장|http://feeds.soundcloud.com/stream/174522719-xsfm-idwk101a.mp3
Fri, 31 Oct 2014 17:50:00 +0900|101b. 당신의 딸이 다니는 회사|기동취재 출동오거서  /// ;중소기업중앙회 비정규직원의 자살|http://feeds.soundcloud.com/stream/174679396-xsfm-idwk101b.mp3
Thu, 06 Nov 2014 18:30:00 +0900|102a. 사유재산 강탈시도 패퇴시킨 썰|슬로우뉴스와 함께하는 시사되새김질  /// ;rainygirl 이준행 선생과 알아보는 국가적 강도 대처법|http://feeds.soundcloud.com/stream/175602014-xsfm-idwk102a.mp3
Fri, 07 Nov 2014 17:50:00 +0900|102b. 大韓米國:미곡정책의 역사|大韓米國 - 쌀과 대한민국의 이야기  /// 제1화, 미곡정책의 역사|http://feeds.soundcloud.com/stream/175760703-xsfm-idwk102b.mp3
Thu, 13 Nov 2014 18:00:00 +0900|103a. 신뢰-의심=폭망|거동취재 물뚝 리포트  /// ;검증 시스템이 부족한 대중운동 후원문화의 문제, 그리고 이 문제를 아무도 외부에 말하지 못하는 문제에 대하여|http://feeds.soundcloud.com/stream/176694650-xsfm-idwk103a.mp3
Fri, 14 Nov 2014 17:52:00 +0900|103b. 당신의 진심은 게으르지 않습니까|거동취재 물뚝 리포트  /// ;의심없는 믿음의 결과 - 검증 시스템이 부족한 대중운동 후원문화의 문제, 그리고 이 문제를 아무도 외부에 말하지 못하는 문제에 대하여(2)|http://feeds.soundcloud.com/stream/176854972-xsfm-idwk103b.mp3
Thu, 20 Nov 2014 18:06:00 +0900|104a. 김광진 프리스타일|국방리포트 다털릴까 두렵다;  /// 통영함 비리의 큰 스케일을 앞으로 또 만날 가능성,  /// 광개토대왕함의 16MB,  /// 율곡이이함의 녹슨 탄,  /// 을지문덕함의 다운현상,  /// 부실한 TICN 사업을 멈출수 없는 이유,  /// K11 복합소총,  /// 평온한 김관진,  /// 사이버사령부의 일탈,  /// 군의 강제화장 법령 추진,  /// 김광진의 노련한 정치적 언변, etc.|http://feeds.soundcloud.com/stream/177784969-xsfm-idwk104a.mp3
Fri, 21 Nov 2014 17:15:00 +0900|104b. 大韓米國:농업과 농경제의 오늘|大韓米國 - 쌀과 대한민국의 이야기  /// 제2화, 농업과 농경제의 오늘  /// ; FTA, 513%, 5%, 몬산토, GMO, 비소, 카드뮴, 수육vs밥, etc.|http://feeds.soundcloud.com/stream/177942953-xsfm-idwk104b.mp3
Thu, 27 Nov 2014 18:10:00 +0900|105a. 나에게는 유명해지지 않을 권리가 있을까|1) 미디어브리핑;pilot  ///   /// 2) 21C 언론정보학 - 위기탈출 넘버 기레기  /// ;개인정보를 공개당하지 않을 권리를 무시하는 언론, 사회, 블로거, 계정... 에 대하여.|http://feeds.soundcloud.com/stream/178866070-xsfm-idwk105a.mp3
Fri, 28 Nov 2014 17:52:00 +0900|105b. 大韓米國의 미래|쌀과 대한민국의 이야기 - 大韓米國  /// ;마지막회. 미래를 위한 제언.|http://feeds.soundcloud.com/stream/179004884-xsfm-idwk105b.mp3
Tue, 02 Dec 2014 02:00:00 +0900|106a. 靑, "안알랴줌" iii|1) 민주평톩:기가인터넷/중규직/국정원의민사사건  ///   /// 2) 靑, "안알랴줌" pt.3|http://feeds.soundcloud.com/stream/179474251-xsfm-idwk106a.mp3
Fri, 05 Dec 2014 19:30:00 +0900|106b. ハイサイおじさん|외신분석 단어만 다른 우리 이야기  /// ; 일본 밖의 일본- 오키나와 간략사|http://feeds.soundcloud.com/stream/180078077-xsfm-idwk106b.mp3
Thu, 11 Dec 2014 18:15:00 +0900|107a. NUTZ!!!|1) 민주평톩:오원국vs애플  /// 중기중앙회  /// 인디스트릿+온오프믹스  /// Aerial Nutcase  /// 이재명과 홍준표  ///   /// 2) 외신분석 단어만 다른 우리 이야기:일본 밖의 일본- 오키나와 현대사|http://feeds.soundcloud.com/stream/180995555-xsfm-idwk107a.mp3
Fri, 12 Dec 2014 11:37:39 +0000|107b. 정치가 집 지켜준다|시사해설 그렇게는 알기 싫다  /// ;우리가 해볼 수 있는, 해야하는 정치 - 아파트살이 가이드|http://feeds.soundcloud.com/stream/181166991-xsfm-107b.mp3
Thu, 18 Dec 2014 10:37:06 +0000|Update: 데이터 낭비에 대한 사과|서버 복구 간 전체 에피소드 다운로드 사고에 대한 사과|http://feeds.soundcloud.com/stream/182073813-xsfm-update.mp3
Thu, 18 Dec 2014 11:12:00 +0000|108a. 오늘까지의 교회:부흥의 시작|역사 이야기 오늘까지의 ###  /// :오늘까지의 교회(1) - 부흥의 시작|http://feeds.soundcloud.com/stream/182076849-xsfm-108a.mp3
Fri, 19 Dec 2014 06:53:01 +0000|108b. 오늘까지의 교회:혼종의 등장|역사 이야기 오늘까지의 ###  /// :오늘까지의 교회(2) - 혼종의 등장|http://feeds.soundcloud.com/stream/182215630-xsfm-108b.mp3
Thu, 25 Dec 2014 08:19:40 +0000|109a. 오늘까지의 교회:하렘의 꿈|1) 민주평톩:복붙언론/가즈프롬과 대한민국/삼성의 거대한 방음벽  ///   /// 2) 역사 이야기 오늘까지의 ###  /// : 오늘까지의 교회(3) - 하렘주의적 하렘, 식민+독재+교회|http://feeds.soundcloud.com/stream/183078321-xsfm-109a.mp3
Fri, 26 Dec 2014 03:04:29 +0000|109b. 오늘까지의 교회:교산복합세습왕조|오늘까지의 교회(끝) - 교산복합체/세습왕조/토착지배세력|http://feeds.soundcloud.com/stream/183173259-xsfm-109b.mp3
Wed, 31 Dec 2014 06:55:15 +0000|110a. 필리핀 납치살해사건의 경과|1회, 2회, 5회, 69회 필리핀 납치살해사건 후속보도  ///   /// 26회 불법 인터넷 도박 후속보도|http://feeds.soundcloud.com/stream/183850606-xsfm-110a.mp3
Thu, 01 Jan 2015 08:33:34 +0000|110b. 인지부조화를 공부하다|XSFM이 2014년의 단어로 '인지부조화'를 꼽으려다가 실패한 썰|http://feeds.soundcloud.com/stream/183988875-xsfm-110b.mp3
Fri, 02 Jan 2015 10:20:36 +0000|110c. 나의 시스템, 너의 열정을 먹고 자라는|기동취재 출동오거서  /// : (1)디자이너 이상봉의 오늘 (2)그와 무관한 타인들의 열정과 아이디어, 1과 2의 관계는?|http://feeds.soundcloud.com/stream/184131971-xsfm-110c.mp3
Thu, 08 Jan 2015 08:48:28 +0000|111a. 법과 원시림 사이에서|민주평톩:  /// (1) 법과 원시림 사이에서:조선일보의 북한 찬양 고무 이적 칼럼  /// (2) 민주주의와 원시림 사이에서:평촌 아파트 주민들이 일군 민주주의  /// (3) 인권보호와 원시림 사이에서:재특회와 익명커뮤니티|http://feeds.soundcloud.com/stream/185027383-xsfm-111a.mp3
Fri, 09 Jan 2015 08:52:52 +0000|111b. 오늘까지의 저작권|역사 이야기 오늘까지의 ###  /// :오늘까지의 저작권:지식재산권의 주인, 수혜자는 누가 되어야 할 것인가|http://feeds.soundcloud.com/stream/185187726-xsfm-111b.mp3
Thu, 15 Jan 2015 10:31:23 +0000|112a. Mourad Était Innocent|외신분석  /// :정밀분석 샤를리 엡도 테러(1/2)|http://feeds.soundcloud.com/stream/186151556-xsfm-112a-mourad-etait-innocent.mp3
Fri, 16 Jan 2015 08:46:33 +0000|112b. 세상의 바보들에게 웃으면서 맞서는 방법|외신분석  /// :정밀분석 샤를리 엡도 테러(2/2)|http://feeds.soundcloud.com/stream/186309810-xsfm-112b.mp3
Thu, 22 Jan 2015 08:40:45 +0000|113a. 저항적 흡연법|민주평톩:  /// (1) 게시판과 언론을 이용한 어뷰징  /// (2) 사라질지도 모르는 랜드마크  /// (3) 증세는 싫은데 담배는 좋다|http://feeds.soundcloud.com/stream/187282208-xsfm-113a.mp3
Fri, 23 Jan 2015 08:47:11 +0000|113b. 그 얘긴 듣기 싫다|PD의 변;  ///   /// 오늘의 에피소드는 딱히 코너라 부를 것도 없고, 칼럼인지, 일기인지, 하소연인지, 어떻게 구분해야 할지도 알 수 없는 이야기를 전합니다.  ///   /// 지난 회에 샤를리 엡도에 대한 이야기를 들려드리면서, 표현의 자유의 한계는 어디에 있을지에 대한 질문을 많이 들었고, 저희 역시 그것이 궁금했습니다.  ///   /// 나의 어떤 표현이 타인에게 상처나 폭력이 될지에 대한 명확한 기준은, 문화마다, 시대마다 차이가 있을 것이고, 심지어 이에 대한 모든 개개인의 판단이 다를 것입니다. 그렇다면 저희가 어떤 이야기를 어떤 표현으로 전달하더라도, 들어주신 분들중 누군가는 반드시 반대의견을 가지고 계실 것이며, 심지어 상처를 받는 경우가, 매번 있을 것임을 상상하는 것은 어렵지 않습니다. 저희는 메일, 트위터, 페이스북을 통해, 그 사실을 매일같이 확인합니다. 그럼에도, 그것은 알기 싫다가 방송중단, 언어순화, 중립적 태도를 유지하려는 노력 등의 선택을 고려조차 하지않는 이유를 자문자답 해보았습니다.  ///   /// 오늘도 저희를 선택해주셔서 감사합니다. 지난 2년간 변하지 않은 마음은 이것 하나 뿐입니다.|http://feeds.soundcloud.com/stream/187449236-xsfm-113b.mp3
Thu, 29 Jan 2015 09:25:19 +0000|115a. 오늘까지의 IS:서문|민주평톩:  /// (1) 오늘까지의 우라까이:인사이트의 반성고양이  /// (2) 오늘까지의 여론조사:지지율 읽는 법  /// (3) 오늘까지의 IS:IS 탄생의 배경의 배경의 실마리의 실마리|http://feeds.soundcloud.com/stream/188440563-xsfm-115a-is.mp3
Fri, 30 Jan 2015 08:54:56 +0000|115b. 극도로 엉성한, 너무도 촘촘한|기동취재 출동오거서  /// : 꾸준히 나타나는 유사투자자문업체 피해자, 그들에게 실제로 피해를 끼친 존재들을 찾아.|http://feeds.soundcloud.com/stream/188606843-xsfm-115b.mp3
Thu, 05 Feb 2015 08:19:34 +0000|116a. Galaxy of Milk|민주평톩:  /// (1) 기장군의 해수담수화 사업, 누가 웃는가  /// (2) 인간의 분노, 화형의 역사  /// (3) 삼성밀크뮤직, 음악업계를 어떻게 보고 있는가|http://feeds.soundcloud.com/stream/189583414-xsfm-116a-galaxy-of-milk.mp3
Fri, 06 Feb 2015 11:33:05 +0000|116b. 공유경제|시사해설 그렇게는 알기 싫다:  /// 공유경제의 개념/  /// 공유경제로 인해 생기는 비용과 소득의 예측/  /// 정홍원과 어울리는 디즈니 캐릭터, etc.|http://feeds.soundcloud.com/stream/189766740-xsfm-116b.mp3
Thu, 12 Feb 2015 09:38:01 +0000|117a. 내일의 피해자는 당신|민주평톩:  /// (1) 어떤 충격도 올림픽만큼 아프지는 않을 것  /// (2) 검찰은 놀라지 말 것  /// (3) 일반인이 체험한 베끼기언론의 홍수  /// (4) 사담 후세인의 처형밧줄  ///   /// 거동취재 물뚝리포트:  /// 버터칩씨 사건(1/2): 제도를 악용하는 파렴치한, 또 나타날 피해자|http://feeds.soundcloud.com/stream/190734445-xsfm-117a.mp3
Fri, 13 Feb 2015 06:51:42 +0000|117b. 내일도 피해자가 나올까봐|거동취재 물뚝리포트:  /// 버터칩씨 사건(2/2)- 미비한 제도를 파고드는 사람들, 그들에게 희생되는 사람들, 피해의 고리를 끊으려던 사람들|http://feeds.soundcloud.com/stream/190893544-xsfm-117b-1.mp3
Wed, 18 Feb 2015 00:29:15 +0000|118a. 삶이라는 형벌|설맞이 영화가 산책 그영화 알기 싫다  /// : 망원동 인공위성  /// (1) 소개  /// (2) 감독의 제작기  /// (3) 감독 인터뷰|http://feeds.soundcloud.com/stream/191679946-xsfm-118a.mp3
Sun, 22 Feb 2015 13:23:17 +0000|118b. 가끔 만나러 갑니다|소설가 손아람의 굴뚝탐방기:  /// 어떻게 갈 것인가, 뭘 타고 갈 것인가, 가서 무엇을 할 것인가, 왜 갈 것인가, 어떻게 돌아올 것인가, etc.|http://feeds.soundcloud.com/stream/192421993-xsfm-118b.mp3
Thu, 26 Feb 2015 09:14:20 +0000|119a. emiya mulzomdao|민주평톩;  /// (1) 재래언론이 하나마나한 이야기를 열심히 하는 이유  /// (2) 국채보상운동 - 누가 빚지고 누가 갚는가  /// (3) 경주 말 학대 사건 - 재발 가능성 높음|http://feeds.soundcloud.com/stream/193132264-xsfm-119a-emiya-mulzomdao.mp3
Fri, 27 Feb 2015 09:37:15 +0000|119b. 우리 빼고 다 죽어라|기동취재 출동오거서;  /// 소수자와 약자를 거대한 위협으로 포장하는 이들의 속내(1/2)|http://feeds.soundcloud.com/stream/193315730-xsfm-119b.mp3
Thu, 05 Mar 2015 09:33:48 +0000|120a. 을지로에서 만난 사람들:서문|민주평톩:  /// (1) TV조선의 이적표현  /// (2) 김영란법의 미래  /// (3) 지자체의 눈먼 돈  ///   /// 정치인 사용 가이드 - 을지로에서 만난 사람들(1):  /// 서문 + 은수미 vs 롯데그룹.|http://feeds.soundcloud.com/stream/194327691-xsfm-120a.mp3
Fri, 06 Mar 2015 08:40:04 +0000|120b. 국회 vs 선관위|시사해설 그렇게는 알기싫다;  /// 선거법 개정 의견 해설 - 중앙선거관리위원회의 이상은 국회의 지옥|http://feeds.soundcloud.com/stream/194500824-xsfm-120b-vs.mp3
Thu, 12 Mar 2015 09:23:07 +0000|121a. 을지로에서 만난 사람들:남양유업|정치인 활용 가이드 - 을지로에서 만난 사람들(2):  /// 남양유업, 대리점 상대의 횡포, 중재과정, 여당과의 협상, 정부조직 개편, etc.|http://feeds.soundcloud.com/stream/195483585-xsfm-121a.mp3
Fri, 13 Mar 2015 10:08:32 +0000|121b. 역사스페셜;;|민주평톩:  /// (1) 이학수법 = 이재용법  /// (2) 메소포타미아의 오늘  /// (3) 김치먹고 힘난다|http://feeds.soundcloud.com/stream/195651252-xsfm-121b-1.mp3
Thu, 19 Mar 2015 08:40:44 +0000|122a. 광범위한 책임전가:XSFM|민주평톩;  /// (1) 가까운 친척, 보수종편과 진보대안미디어  /// (2) 치부를 드러내는 좋은 예와 나쁜 예  /// (3) 삼성의 섬세한 반칙|http://feeds.soundcloud.com/stream/196617323-xsfm-122a-xsfm.mp3
Fri, 20 Mar 2015 08:30:06 +0000|122b. 광범위한 책임전가:성폭력을 소비하다|시사해설:  /// -자극적이며 탐구가 부족한 기성언론의 대학내 성추문 보도  /// -실태, 자구노력과 대학 내의 움직임|http://feeds.soundcloud.com/stream/196782167-xsfm-122b.mp3
Sat, 28 Mar 2015 10:55:42 +0000|123a. 언론에 휘둘리지 않는 일은 생각보다 어렵다|기동취재 출동오거서:  /// 장삼이사 창업정보 2  /// - 사람들에 관심에 비해 중요한 요인들은 거의 회자되지 않고있는 딸기찹쌀떡 사건. 후속취재, 사실확인과 맥락 해석 + 부화뇌동하는 U형.|http://feeds.soundcloud.com/stream/198086820-xsfm-123a.mp3
Sun, 29 Mar 2015 03:58:12 +0000|123b. 궁금한 유치원 이야기 Y|기동취재 출동오거서;  /// 고양시 일산동구 Y유치원과 관련된 의혹들|http://feeds.soundcloud.com/stream/198200937-xsfm-123b-y.mp3
Thu, 02 Apr 2015 04:05:19 +0000|124a. 사학은 불멸, 나는 소멸|민주평톩;  /// (1) 삥뜯긴 김해에도 비버는 오는가  /// (2) 논평 - 리스티클 언다니어블  /// (3) 어맹뿌 vs 포스코만드신분 자녀  ///   /// 시사해설;  /// 극소수 사학 소유자의 이익에 헌신하는 대한민국|http://feeds.soundcloud.com/stream/198854703-xsfm-124a.mp3
Fri, 03 Apr 2015 07:35:26 +0000|124b. 소매치기x24,060,000|슬로우뉴스와 함께하는 시사 되새김질:  /// 'homeminus' 생활에 도둑질이 됩니다 - 사상최초로 고객의 개인정보를 고의 유출한 홈플러스의 대처법에 대해|http://feeds.soundcloud.com/stream/199030743-xsfm-124b.mp3
Thu, 09 Apr 2015 08:44:22 +0000|Gag Reel 2014 여름/가을/겨울|올해 첫 휴식(1/2)|http://feeds.soundcloud.com/stream/199969322-xsfm-gag-reel-2014-1.mp3
Fri, 10 Apr 2015 08:31:25 +0000|Gag Reel 2015 봄|올해 첫 휴식(2/2)|http://feeds.soundcloud.com/stream/200132117-xsfm-gag-reel-2015-1.mp3
Wed, 15 Apr 2015 13:19:50 +0000|Update: 123회a와 관련한 반론|쿠키뉴스 모 기자의 이의제기에 대한 추가취재|http://feeds.soundcloud.com/stream/200922664-xsfm-update-123-a.mp3
Thu, 16 Apr 2015 08:45:01 +0000|125. 죽음들|이유를 알 수 없도록 정리된 죽음의 기록|http://feeds.soundcloud.com/stream/201056430-xsfm-125a.mp3
Fri, 17 Apr 2015 08:37:06 +0000|2015 상반기 재보궐선거 데이터센트럴|2015.04.29. 재보궐선거 데이터센트럴  ///   /// /00:05:18 기본사항  /// /00:16:36 국회의원 서울 관악구 을  /// /01:10:05 국회의원 인천 서구강화군 을  /// /01:25:35 국회의원 광주 서구 을  /// /01:49:05 국회의원 경기 성남시중원구  /// /02:02:20 시도의회의원 강원 양구군|http://feeds.soundcloud.com/stream/201216113-xsfm-2015election.mp3
Thu, 23 Apr 2015 08:49:36 +0000|126a. 오늘까지의 싱가포르(1):개발독재의 로망|민주평톩;  /// (1)광명시의원의 신체적 기준에 따른 비율  /// (2)위계질서의 폐해 - 결국 보스가 없다  ///   /// 외신분석;  /// 오늘까지의 싱가포르(1/2) - 어촌에서 어항, 어항에서 무역항, 무역항에서 리콴유의 구역으로 - 외형적 결과물|http://feeds.soundcloud.com/stream/202155942-xsfm-126a-1.mp3
Fri, 24 Apr 2015 08:26:55 +0000|126b. 오늘까지의 싱가포르(2):인형의 집|외신분석;  /// 오늘까지의 싱가포르(2/2)  /// 키워드 - 싱가포르, 삼국지, 심시티, 심즈, 육성시뮬레이션, 아시아적가치, 견제멘더링, 집단선거구제, 아육대, 펠라치오, 껌, etc.|http://feeds.soundcloud.com/stream/202309439-xsfm-126b-2.mp3
Thu, 30 Apr 2015 12:35:37 +0000|127a. 구한말 완벽복원|민주평톩;  /// (1) 미일방위협력지침 개정, 구한말 리트로  /// (2) 온라인 탈억압효과를 누리는 어그로꾼들, 어떤 사람들일까  /// (3) 네팔을 도와주세요. 현명하게.|http://feeds.soundcloud.com/stream/203265044-xsfm-127a.mp3
Fri, 01 May 2015 08:35:03 +0000|127b. 독재유산 답사기:서문|물뚝심송의 독재유산 답사기(1)  /// 서문.|http://feeds.soundcloud.com/stream/203406369-xsfm-127b.mp3
Thu, 07 May 2015 08:40:45 +0000|128a. 언론재난|민주평톩  /// (1) 삼성전자서비스센터와 우리의 권리  /// (2) 기자가 정신을 잃기 직전의 상황  /// (3) 기자가 정신을 잃은 후의 재난|http://feeds.soundcloud.com/stream/204316736-xsfm-idwk-128a.mp3
Fri, 08 May 2015 11:38:05 +0000|128b. 연금 101|시사해설;  /// 공적연금 관련 미디어 읽는 법(1/2)|http://feeds.soundcloud.com/stream/204498722-xsfm-128b-101.mp3
Fri, 15 May 2015 08:41:48 +0000|129a. 우리가 죽지 않은 이유를 국방부는 알까|잠수함, 힘의 균형, 이 두가지에 관심이 없는 대한민국에 대한 민주평톩|http://feeds.soundcloud.com/stream/205570648-xsfm-129a.mp3
Sat, 16 May 2015 05:42:58 +0000|129b. 연금을 흔드는 손|시사해설;  /// 공적연금 관련 미디어 읽는 법(2/2)  ///   /// - 고갈의 위험, 납부금 전용의 문제는 사보험이 더욱 심각합니다. 왜 언론은 연금의 문제, 그것도 50년 후의 문제에만 집중할까요? 연금을 받게될 우리보다 연금을 간절히 원하는 사람들이 있을지 알아봅니다.|http://feeds.soundcloud.com/stream/205711785-xsfm-129b.mp3
Thu, 21 May 2015 10:01:08 +0000|130a. 인공지능은 인류를 해할 수 있을까|민주평톩;  /// (1) 인공지능, 어디까지 발전할 것인가  /// (2) 정영총 사고로 본 K리그의 위기대처능력  ///   /// 거동취재;  /// 일기당천 서울대병원노조 스토리(1/2)|http://feeds.soundcloud.com/stream/206514320-xsfm-130a.mp3
Fri, 22 May 2015 08:38:08 +0000|130b. Medical/Tactical|거동취재;  /// 일기당천 서울대병원노조 스토리(2/2)  /// - 이기는 노동운동의 사례 / 끝나지 않을 전쟁의 작은 쉼표|http://feeds.soundcloud.com/stream/206667915-xsfm-130b.mp3
Thu, 28 May 2015 08:45:15 +0000|131a. 황교안 연대기|민주평톩;  /// (1) 꽁치 샌드위치로 기레기 서핑  /// (2) 총리후보 데이터센트럴  /// (3) 프랑스 의회의 도시빈민구제책|http://feeds.soundcloud.com/stream/207608035-xsfm-131a.mp3
Fri, 29 May 2015 08:40:40 +0000|131b. 독재유산 답사기:땅을 만들 수 있는 권력|물뚝심송의 독재유산 답사기(2)  /// 너무 많은 방조제, 누가 만들 수 있었으며, 어떤 영향을 끼쳤는가|http://feeds.soundcloud.com/stream/207788818-xsfm-131b.mp3
Thu, 04 Jun 2015 08:40:52 +0000|132a. 불법에 분노하면 불법|슬로우뉴스와 함께하는 시사 되새김질;  ///   /// 태극기 소각 사건 - 여느 때와 같은, 조선일보에 온 나라가 휘둘리던 어느 날의 이야기|http://feeds.soundcloud.com/stream/208742754-xsfm-132a.mp3
Fri, 05 Jun 2015 08:48:09 +0000|132b. 이슬람유산 덕질기:서문|오덕요정의 이슬람유산덕질기(1)  /// :서문 -  마지막 사도 무함마드|http://feeds.soundcloud.com/stream/208905033-xsfm-132b.mp3
Thu, 11 Jun 2015 04:54:12 +0000|133a. 메르스 리포트 0.1|시사해설;  /// -메르스, 한국은 얼마나 늦게, 얼마나 엉성하게 대처했는가  /// -인류는 메르스에 대해 얼마나 알게 되었는가  /// -일상생활에 대한 제언|http://feeds.soundcloud.com/stream/209804756-xsfm-133a-01.mp3
Fri, 12 Jun 2015 08:47:48 +0000|133b. 소수의견|영화 '소수의견'의 트레일러가 들어있음.|http://feeds.soundcloud.com/stream/209978450-xsfm-133b.mp3
Thu, 18 Jun 2015 09:12:09 +0000|134a. 이슬람유산 덕질기:정의와 평등|민주평톩;  /// (1) 한국은 주치의 제도 도입이 불가능할까  /// (2) 어맹뿌 치수사업의 오묘함  ///   /// 이슬람유산 덕질기;  /// 이슬람의 이상|http://feeds.soundcloud.com/stream/210871872-xsfm-134a.mp3
Fri, 19 Jun 2015 08:44:50 +0000|134b. 이슬람유산 덕질기:정통 칼리파|이슬람유산 덕질기;  /// (3) 빠르게 진 꽃, 정통 칼리파의 시대 - 순니와 시아의 분파|http://feeds.soundcloud.com/stream/211025949-xsfm-134b.mp3
Thu, 25 Jun 2015 12:00:06 +0000|135a. 이슈 대 이빨:국회법개정안과 5대강|말로 때우는 시사만평 이슈 대 이빨;  /// (1) 국회법개정안이 국회선진화법이 공무원연금개혁이 국민연금개혁이 국회법개정안... 을 대통령이 싫어합니다.  /// (2) 마지막으로 안전했던 강에 닥치는 위기|http://feeds.soundcloud.com/stream/211917370-xsfm-135a-5.mp3
Fri, 26 Jun 2015 08:45:31 +0000|135b. 독재유산 답사기:다리의 역사|물뚝심송의 독재유산 답사기(3)  /// 한강의 역사 + 한강 교량의 역사 - 교량으로 뒤덮은 군부독재 전까지의 한강.|http://feeds.soundcloud.com/stream/212055479-xsfm-135b.mp3
Thu, 02 Jul 2015 08:44:50 +0000|136a. 아청아청 이권개입|시사해설;  /// -아동청소년보호법의 과잉적용, 원인과 이유, 의심 : 게임과 애니메이션 업체가 국가에 얼마를 더 바쳐야 장사를 하게 해줄 것인가|http://feeds.soundcloud.com/stream/212919976-xsfm-136a.mp3
Fri, 03 Jul 2015 08:44:32 +0000|136b. 이슬람유산 덕질기:천년사|이슬람유산 덕질기;  /// (4) 세계사의 1/3, 이슬람 천년사 - 우마이야 칼리파조에서 1차세계대전까지|http://feeds.soundcloud.com/stream/213071517-xsfm-136b.mp3
Thu, 09 Jul 2015 10:49:23 +0000|137a. 이슈대이빨:내 돈 30만원은 어디로|말로 때우는 시사만평 이슈 대 이빨;  /// 론스타 먹튀  A to Z|http://feeds.soundcloud.com/stream/213944159-xsfm-137a-30.mp3
Fri, 10 Jul 2015 08:44:09 +0000|137b. 이슈대이빨:모든 취향이 인정되는 사회|말로 때우는 시사만평 이슈대이빨:  /// (1) 국정원의 법원에 대한 사상검증  /// (2) 또다시 발의된 사형제폐지  /// (3) 대구퀴어문화축제에 등장한 특별한 취향|http://feeds.soundcloud.com/stream/214090090-xsfm-137b.mp3
Thu, 16 Jul 2015 08:44:51 +0000|138a. Hacked|시사해설 그렇게는 알기싫다;  /// 해커에게 해킹당한 해킹팀의 물건을 사서 국민을 해킹하던 육군 5163부대에게 해킹당할 위험에 처한 국민이 해킹에 대처할 방법은?|http://feeds.soundcloud.com/stream/214956670-xsfm-138a-hacked.mp3
Fri, 17 Jul 2015 08:44:04 +0000|138b. 오늘까지의 도감청|시사해설 그렇게는 알기 싫다;  /// - 도/감청의 역사|http://feeds.soundcloud.com/stream/215107568-xsfm-138b.mp3
Thu, 23 Jul 2015 08:47:05 +0000|139a. 이슬람유산 덕질기:서방의 침략|이슬람유산 덕질기;  /// (5) 1차 웨스턴 쇼크 - 서방은 아랍을 어떻게 무너뜨렸는가|http://feeds.soundcloud.com/stream/215971044-xsfm-139a.mp3
Fri, 24 Jul 2015 08:43:47 +0000|139b. 이슬람유산 덕질기:외세의 투견장|이슬람유산 덕질기;  /// (6) 잦은 전쟁, 의도된 분열, IS의 씨앗이 되다|http://feeds.soundcloud.com/stream/216122580-xsfm-139b.mp3
Thu, 30 Jul 2015 08:52:43 +0000|140a. 독재유산 답사기:부동산 신화의 씨앗|물뚝심송의 독재유산 답사기(4)  /// 인프라 계산 없는 도시계획 - 실제 이득은 누구의 것이 되었나|http://feeds.soundcloud.com/stream/217006154-xsfm-i140a.mp3
Fri, 31 Jul 2015 07:13:07 +0000|140b. 오늘까지의 그리스:서문|역사 이야기 오늘까지의 ###  /// :오늘까지의 그리스(1) - 물뚝심송과 비슷한 사람들의 시대에서 바지왕정까지 그리스의 4천년사|http://feeds.soundcloud.com/stream/217154921-xsfm-140b.mp3
Thu, 06 Aug 2015 08:43:22 +0000|141a. 이슈대이빨:선거법개정 기초교양|말로 때우는 시사만평 이슈 대 이빨;  /// 헌재 vs 새 vs 새 vs 선관위 - 선거법개정 해설|http://feeds.soundcloud.com/stream/218023793-xsfm-i141a.mp3
Fri, 07 Aug 2015 08:39:52 +0000|141b. 이슈대이빨:광고는 광고업자에게|말로 때우는 시사만평 이슈 대 이빨;  /// 국회법개정 해설(下)/  /// 새정치연합의 셀프디스/  /// 롯데家 배틀로얄/  /// 세모자 사건, 그알싫은 왜 취재 안했나|http://feeds.soundcloud.com/stream/218173899-xsfm-i141b.mp3
Thu, 13 Aug 2015 08:41:57 +0000|142a. 오늘까지의 그리스:근대사|역사 이야기 오늘까지의 ###  /// :오늘까지의 그리스(2) - 1차대전과 2차대전, 일곱명의 두목과 여러번의 쿠|http://feeds.soundcloud.com/stream/219035436-xsfm-142a.mp3
Fri, 14 Aug 2015 08:45:30 +0000|142b. 이슬람유산 덕질기:와하비즘과 살라피즘|이슬람유산 덕질기;  /// (7) 쿠란 아래의 법, 지하드로 변질되기까지|http://feeds.soundcloud.com/stream/219193523-xsfm-142b.mp3
Thu, 20 Aug 2015 08:49:12 +0000|143a. 오늘까지의 그리스, 혹은 한국, 혹은 피지배의 위협에 처한 모두의 이야기|역사 이야기 오늘까지의 ###  /// :오늘까지의 그리스(3) - 한국/그리스의 현대사, 한국/그리스의 금융위기|http://feeds.soundcloud.com/stream/220070148-xsfm-i143a.mp3
Fri, 21 Aug 2015 08:43:26 +0000|143b. 이슬람유산 덕질기:IS, 혹은 나치즘, 혹은 십자군|이슬람유산 덕질기;  /// (8) IS, 현재와 미래|http://feeds.soundcloud.com/stream/220220978-xsfm-143b-is.mp3
Wed, 26 Aug 2015 05:52:37 +0000|Update: WWE(Whining War Entertainment)|우는 소리하고 싶을 때 센 척하며 전쟁을 들먹인 뒤 얻는 것들에 대하여|http://feeds.soundcloud.com/stream/220937464-xsfm-update-wwewhining-war-entertainment.mp3
Thu, 27 Aug 2015 06:57:56 +0000|144a. 오늘까지의 국민TV|기동취재 출동오거서;  /// 국민TV 사태, 일반적 언론노조탄압 사례와 무엇이 같고 다른가|http://feeds.soundcloud.com/stream/221097719-xsfm-i144a-tv.mp3
Thu, 27 Aug 2015 10:53:27 +0000|144b. 국민TV 앞에 놓인 네가지 질문|시사해설 그렇게는 알기 싫다;  /// 국민TV 사태 해석에 필요한 네가지 질문  /// -확장성인가 안정성인가  /// -미디어인가 조합인가  /// -정파성을 어찌 할 것인가  /// -이사장의 역할은 무엇인가|http://feeds.soundcloud.com/stream/221113594-xsfm-144b-tv.mp3
Thu, 03 Sep 2015 08:40:50 +0000|145a. 쓰레기사와 훌륭한 기사|민주평톩;  /// (1) 임금피크제, 무엇을 왜곡하고 있는가  /// (2) 쓰레기사, 칵테일 새우를 고래로  /// (3) 훌륭한 매체는 조용히 사라진다|http://feeds.soundcloud.com/stream/222147031-xsfm-145a.mp3
Fri, 04 Sep 2015 08:42:13 +0000|145b. 독재유산 답사기:핵, 한국, 일본, 미국 그리고 박정희|물뚝심송의 독재유산 답사기(5)  /// 60년대 이후 한국의 핵개발과 국제정세|http://feeds.soundcloud.com/stream/222303100-xsfm-i145b.mp3
Thu, 10 Sep 2015 08:51:56 +0000|146a. 글 잘쓰는 사람이 글 쓰는 직업을 갖기 힘든 이유|시사해설 그렇게는 알기 싫다;  /// -문단권력의 형성원리와 그 영향에 대한 동네 아저씨들 좌담회|http://feeds.soundcloud.com/stream/223197644-xsfm-146a.mp3
Fri, 11 Sep 2015 08:52:59 +0000|146b. 지옥의 배경음악|시사해설 그렇게는 알기 싫다;  /// 음악이 팔려도 음악을 만든 사람이 돈을 벌기 어려운 방송음악시장에 대하여|http://feeds.soundcloud.com/stream/223355543-xsfm-146b.mp3
Thu, 17 Sep 2015 08:56:22 +0000|147a. 이슈대이빨:불평등, 떡고물, 이이제이|말로 때우는 시사만평 이슈 대 이빨;  /// (1) 노사정 대타협의 문제점  /// (2) 위성을 판 철없는 아들  /// (3) 복지를 이용한 국론분열전술에 대하여|http://feeds.soundcloud.com/stream/224258961-xsfm-147a.mp3
Fri, 18 Sep 2015 08:47:06 +0000|147b. 誰還未發聲|외신분석 단어만 다른 우리 이야기  /// ; 우산혁명은, 동아시아의 시민혁명사는, 완전한 실패인가|http://feeds.soundcloud.com/stream/224417040-xsfm-147b.mp3
Thu, 24 Sep 2015 08:56:53 +0000|148a. 치사한 사람들만 사는 곳의 사람들은 서로가 치사하다며 눈물짓는다|코너없음;  /// ㅇㅇㅇ ㅇㅇ의 난입  ///   /// 민주평톩;  /// 1. 샵메일은 누가 썼는가  /// 2. 뉴스 통신사들의 기싸움|http://feeds.soundcloud.com/stream/225339552-xsfm-148a.mp3
Fri, 25 Sep 2015 09:01:11 +0000|148b. 독재유산답사기:핵노잼|물뚝심송의 독재유산 답사기(6)  /// 핵무기의 원리  ///   /// 주의: 진짜 핵무기의 원리를 설명함|http://feeds.soundcloud.com/stream/225499626-xsfm-148b.mp3
Thu, 01 Oct 2015 08:47:54 +0000|149a. 이슈대이빨:안심멸치 한국사|말로 때우는 시사만평 이슈 대 이빨;  /// (1) 안심번호 국민공천, 정말 진일보한 제도인가 / 누구를 안심시키는가  /// (2) 한국사교과서, 예정된 퇴행  /// (3) 정부가 국민에게 하사한 것과 빼앗은 것|http://feeds.soundcloud.com/stream/226401209-xsfm-149a.mp3
Fri, 02 Oct 2015 08:46:09 +0000|149b. 디젤게이트 브리핑|민주평톩;  /// (1) 디젤게이트 브리핑  /// (2) 대형언론사 살리기 정책과 XSFM  /// (3) 화성에 가는 법, 화성에서 사는 법|http://feeds.soundcloud.com/stream/226559941-xsfm-149b.mp3
Thu, 08 Oct 2015 07:05:41 +0000|사고:결방|그것은 알기 싫다의 첫 결방공지입니다. 2015년 10월 1주차 방송을 공개할 수 없게 되었음을 알리며, 이에 사과드립니다. 다음 주에 준비된 모습으로 찾아뵐 수 있도록 최선을 다하겠습니다.  ///   /// - XSFM 그것은 알기 싫다 제작팀 일동|http://feeds.soundcloud.com/stream/227452257-xsfm-skipping.mp3
Thu, 15 Oct 2015 08:48:51 +0000|150a. 독재유산 답사기:이명박정희|물뚝심송의 독재유산 답사기(7):  /// 박정희의 핵무장 추진계획이 우리에게 남긴 것들|http://feeds.soundcloud.com/stream/228489048-xsfm-150a.mp3
Fri, 16 Oct 2015 08:37:13 +0000|150b. 사병월급을 훔치는 완벽한 방법|시사해설;  /// 세금으로 나간 사병의 월급을 군인공제회가 가져가는 다양한 방법중 최신버전 feat. 유식대장|http://feeds.soundcloud.com/stream/228639774-xsfm-150b.mp3
Wed, 21 Oct 2015 07:22:41 +0000|국정감사 기록실 beta:미래창조과학방송통신위원회 송호창|1) 연구원 폭력과 비리  /// 2) 관치 IT의 허상  /// 3) 매국발언자의 공직입성을 막는 법  ///   /// 2015 국정감사 기록실 베타버전  /// ;01-미래창조과학방송통신위원회|http://feeds.soundcloud.com/stream/229378464-xsfm-beta.mp3
Thu, 22 Oct 2015 08:19:38 +0000|국정감사 기록실 beta:국방위원회 윤후덕|1) 제2롯데월드 수퍼타워의 공군전력저하에 대해 아직도 밝혀지지 않은 점  /// 2) NSC가 늦게 움직이는 이유는 무엇인가  /// 3) 당연히 늘어나는 관심사병, 병무청은 비전을 갖고 있는가  /// 4) 수류탄이 불량인데 책임질 곳이 없다  /// 5) 사상 가장 비싼 부실, KFX  ///   /// 2015 국정감사 기록실 베타버전  /// ;02-국방위원회 윤후덕|http://feeds.soundcloud.com/stream/229539896-xsfm-beta-1.mp3
Fri, 23 Oct 2015 08:28:31 +0000|국정감사 기록실 beta:법제사법위원회 서기호|1) 전관예우 부정의 진화  /// 2) 노조탄압의 진화  /// 3) 법원이 쓰면 안되는 돈, 해서는 안되는 생각  ///   /// 2015 국정감사 기록실 베타버전  /// ;03-법제사법위원회|http://feeds.soundcloud.com/stream/229699376-xsfm-beta-2.mp3
Sat, 24 Oct 2015 05:01:57 +0000|국정감사 기록실 beta:산업통상자원위원회 전순옥|- 친인척 채용, 지인 채용, 비정규직 확대, 원전 증가, 해외자원개발 실패, 해외투자 실패, etc. 공기업과 공사 운용의 부실/비리.  ///   /// 2015 국정감사 기록실 베타버전  /// ;04-산업통상자원위원회|http://feeds.soundcloud.com/stream/229835054-xsfm-beta-3.mp3
Thu, 29 Oct 2015 08:49:50 +0000|151a. 메시지가 이상하면 메신저를 의심하라|민주평톩;  /// (1) 여당의 좌경화는 왜 저리 지나친가  /// (2) 코빈과 샌더스가 남길 자산  /// (3) 앵거스 디턴과 프린스턴 대학을 화가나게 한 한국경제의 마케팅|http://feeds.soundcloud.com/stream/230601363-xsfm-151a.mp3
Fri, 30 Oct 2015 08:35:09 +0000|151b. 메시지가 비과학적이면 메신저부터 의심하라|시사해설; 소금과 설탕, MSG와 사카린, 안전함을 합리적으로 파악할 방법은 있는가, 이에 대한 의심은 합리적인가|http://feeds.soundcloud.com/stream/230757144-xsfm-151b.mp3
Thu, 05 Nov 2015 08:49:00 +0000|152a. 환|민주평톩:  /// (1) 작은 사업실패, 큰 언론전 실패  /// (2) 해바라기 pt.2 : 광명 시의회,,, 날아가다  /// (3) 두근두근 환단고기|http://feeds.soundcloud.com/stream/231644410-xsfm-152a.mp3
Fri, 06 Nov 2015 08:38:17 +0000|152b. 이슈대이빨:마사오, 새정치연합에 사죄하다|말로 때우는 시사만평 이슈 대 이빨;  /// 역사통폐합, 강력한 드라이브/  /// 라면이든 소바든, 원하는 것을 주는 여당/  /// 한일중 정상회담, 팬더를 받고 내준 것들/  /// 서울의 새로운 브랜드, 만든 이유 vs 비웃는 이유.|http://feeds.soundcloud.com/stream/231799924-xsfm-152b.mp3
Thu, 12 Nov 2015 09:13:04 +0000|153a. 사람과 자본:노동개혁 공성전|시사해설;  /// -정부여당이 진짜로 원하는 노동개혁의 대가는 무엇인가  /// -야당은 노동개혁 시도를 저지할 수 있는가  /// -장하나는 청취자를 웃길 수 있는가|http://feeds.soundcloud.com/stream/232716569-xsfm-153a.mp3
Fri, 13 Nov 2015 08:38:50 +0000|153b. 사람과 자본:사람을 낳아야 사람이 있다|시사해설;  /// - 사업주의 허락을 받지 못하고 아이를 낳으면 징계가 가능한 한국  /// - 노동자의 출산과 육아의 권리를 지키기 위해 필요한 변화는 무엇인가  /// - 장하나는 방송에 적응할 수 있을 것인가|http://feeds.soundcloud.com/stream/232868514-xsfm-153b.mp3
Thu, 19 Nov 2015 09:00:37 +0000|154a. 파리 테러 브리핑|외신분석;  /// -파리 도심 연쇄테러, 현재까지의 상황  /// -프랑스 정치권의 반응|http://feeds.soundcloud.com/stream/233745727-xsfm-154a.mp3
Fri, 20 Nov 2015 08:35:17 +0000|154b. 웃시민 아랫국가|시사해설;  /// 경찰의 살인적 진압행위를 촬영한 시청광장환타에게서 듣는, 국민이 공권력을 부리는 방법에 대한 제언|http://feeds.soundcloud.com/stream/233898975-xsfm-154b.mp3
Wed, 25 Nov 2015 05:29:05 +0000|155a. Nous on va vivre|외신분석;  /// -계엄의 유혹을 뿌리치지 못하는 프랑스 정치권, 급속한 우경화행보  /// -자유를 지키려는 파리 시민들의 노력, 우리가 참고할만한 것들|http://feeds.soundcloud.com/stream/234614721-xsfm-155a-nous-on-va-vivre.mp3
Fri, 27 Nov 2015 08:42:28 +0000|155b. 차별의 개미지옥|외신분석;  ///   /// 유럽과 아프리카의 현대 이민사 - 소수민족, 소수종파, 외국인노동자는 스스로 차별을 선택하였는가|http://feeds.soundcloud.com/stream/234927997-xsfm-155b.mp3
Thu, 03 Dec 2015 08:46:16 +0000|156a. 독재유산 답사기:이승만의 대일 외교|물뚝심송의 독재유산 답사기(8):  /// 성과없는 대일외교가 끊임없이 반복되는 이유를 찾아서(1/2) - 이승만의 대일 외교|http://feeds.soundcloud.com/stream/235868225-xsfm-156a.mp3
Fri, 04 Dec 2015 08:47:36 +0000|156b. 독재유산 답사기:박정희의 대일 외교|물뚝심송의 독재유산 답사기(9):  /// 성과없는 대일외교가 끊임없이 반복되는 이유를 찾아서(2/2) - 박정희의 대일 외교와 6.3세대의 반발|http://feeds.soundcloud.com/stream/236024213-xsfm-156b.mp3
Mon, 07 Dec 2015 10:29:57 +0000|XSFM 채용공고|서류전형 접수기간: ~12월 23일(수)에서 24일(목)로 넘어가는 0시까지  ///   /// 오프라인 면접: 12월29일(화) 13:30  ///   ///   /// 의 제목으로 xsfm25@gmail.com으로 메일을 보내주세요.|http://feeds.soundcloud.com/stream/236452575-xsfm-xsfm.mp3
Thu, 10 Dec 2015 08:54:07 +0000|157a. 정각원의 겨울:동국대의 주인은 누구인가|덕질취재 정각원의 겨울(1): 서문. 동국대 파행운영 사태 - 지금까지의 브리핑|http://feeds.soundcloud.com/stream/236909772-xsfm-157a.mp3
Fri, 11 Dec 2015 09:54:01 +0000|157b. 어뷰징 필드:복붙기자의 첫 출근|21C언론정보학:어뷰징 필드  /// (1) 생각보다 적지 않은 수의 구직자들이 경험하게될 복붙기자 업무 - 구인부터 출근까지|http://feeds.soundcloud.com/stream/237067551-xsfm-157b.mp3
Thu, 17 Dec 2015 09:15:30 +0000|158a. 정각원의 겨울:에일리언 대 프레데터|덕질취재 정각원의 겨울(2): 동국대를 내려놓지 않는 조계종, 개선의 여지가 없다면?|http://feeds.soundcloud.com/stream/237948585-xsfm-158a.mp3
Fri, 18 Dec 2015 08:44:14 +0000|158b. 어뷰징 필드:실전! 복사 붙이기|21C언론정보학:어뷰징 필드  /// (2) 직업체험 - 어뷰징이 직업인 사람이 실제로 하는 일  ///   /// ps. 블로거들의 청취를 금합니다.|http://feeds.soundcloud.com/stream/238094854-xsfm-158b.mp3
Thu, 24 Dec 2015 08:07:38 +0000|159a. 이슈대이빨:야당이 흔들리자 여당은 웃고 두산은 배부르다|말로 때우는 시사만평 이슈 대 이빨;  /// 총선레이스의 서막 - 새정치연합 분열/  /// 신용평가등급 향상, 무슨 의미인가/  /// 거대 약골 한국 재벌, 누가 지탱해주는가.|http://feeds.soundcloud.com/stream/238923429-xsfm-159b.mp3
Fri, 25 Dec 2015 08:02:49 +0000|159b. 어뷰징 필드:언론사는 결국 굶어 죽을 것이다|21C언론정보학:어뷰징필드  /// (3) 실제 트래픽이 몰리는 기사는 무엇인가/  ///     실제 관심을 얻는 검색어는 무엇인가/  ///     취재는 아직도 가치있는 노동인가/  ///     우리의 습관으로 예측하는 언론사의 미래 등.|http://feeds.soundcloud.com/stream/239048936-xsfm-159b.mp3
Thu, 31 Dec 2015 08:05:33 +0000|160a. 눈가리고 수지:미얀마의 역사|외신분석:아웅산 수지 - 민주화의 꽃인가 그냥 꽃인가(1/3)  /// 외세가 침략하면 왜 내분이 지속되고 정치가 불안해지는지, 고대사부터 2차대전 전후 아웅 산의 등장까지의 미얀마의 역사를 통해 알아봅니다.|http://feeds.soundcloud.com/stream/239806710-xsfm-160a.mp3
Thu, 31 Dec 2015 10:49:07 +0000|160b. 눈가리고 수지:이상한 정책, 표류하는 국가|외신분석:아웅산 수지 - 민주화의 꽃인가 그냥 꽃인가(2/3)  /// 강대국의 이이제이책이 만든 깊은 상처를 극복하지 못하는 것이 과연 국민과 정치가의 잘못인지 알아봅니다. 물론, 분명, 군부독재가 선택하는 최종단계는 군부독재일 뿐입니다.|http://feeds.soundcloud.com/stream/239817511-xsfm-160b.mp3
Thu, 07 Jan 2016 09:11:35 +0000|161a. 망국 선언문 해설|시사해설 : 2016 시론 - (대한민국까지는 모르겠고 일단) 나의 위기, 어디서 왔는가|http://feeds.soundcloud.com/stream/240786051-xsfm-161a.mp3
Fri, 08 Jan 2016 08:02:24 +0000|161b. 눈가리고 수지:독재 후의 독재 후의 독재|외신분석:아웅산 수지 - 민주화의 꽃인가 그냥 꽃인가(3/3)  /// 독재에 침묵하고, 민주화의 열망을 방관한 아웅산 수지의 중앙무대 등장, 그 이후의 행적을 통해 독재는 점진적인 변화로 끝낼 수 없다는 가설의 증거를 찾아 봅니다.|http://feeds.soundcloud.com/stream/240939728-xsfm-161b.mp3
Thu, 14 Jan 2016 09:54:20 +0000|162a. 어뷰징 필드:어뷰징 필드를 살아가는 사람들|(4) 어뷰징 필드에서 살아가는 사람들, 개개인의 이유/  /// 팀원, 팀장, 사장, 연예인, 포털, 그리고 글 쓴 도도|http://feeds.soundcloud.com/stream/241899820-xsfm-162a.mp3
Fri, 15 Jan 2016 09:22:49 +0000|162b. 음악 안하기:서문|시사해설;  /// 음악 하도급 산업의 전설, 로이엔터테인먼트 김한조와 그의 노동자들(1)  /// -김한조의 인생 스토리, 음악 하도급 시스템의 개발|http://feeds.soundcloud.com/stream/242063842-xsfm-162b.mp3
Thu, 21 Jan 2016 08:37:36 +0000|163a. 음악 안하기:알 수 없는 윗선|시사해설;  ///   /// 음악 하도급 산업의 전설, 로이엔터테인먼트 김한조와 그의 노동자들(2)|http://feeds.soundcloud.com/stream/243031281-xsfm-163a.mp3
Fri, 22 Jan 2016 08:04:59 +0000|163b. 어뷰징 필드:가장 잔인한 직업|(5) 레이디스코드 사건으로 보는 어뷰징의 잔인함, 직업으로써의 어뷰징이 보여주는 기존언론과 다른 특성에 대한 분석|http://feeds.soundcloud.com/stream/243194469-xsfm-163b.mp3
Thu, 28 Jan 2016 09:39:59 +0000|164a. 음악 안하기:반전의 서막|음악 하도급 산업의 전설, 로이엔터테인먼트 김한조와 그의 노동자들(3) - 사건의 외부공개, 어떻게 가능했는가|http://feeds.soundcloud.com/stream/244197744-xsfm-164a.mp3
Fri, 29 Jan 2016 08:01:26 +0000|164b. 어뷰징 필드를 떠나며|(최종회) 어뷰징 필드를 떠나다  ///   /// 극도의 고용불안정에 의한 부당계약해지/ 기존 언론의 몰이해에 의한 추가피해|http://feeds.soundcloud.com/stream/244371398-xsfm-164b.mp3
Thu, 04 Feb 2016 08:53:25 +0000|﻿165a. 음악을 하면서도 사람답게 살기|음악 하도급 산업의 전설, 로이엔터테인먼트 김한조와 그의 노동자들(최종회) -   /// 음악저작권협회의 이상한 정산방법/  /// 김한조 대표에게 띄우는 손아람 문장가의 음성편지/  /// 음악노동시장의 현실에 대한 소고.|http://feeds.soundcloud.com/stream/245379587-xsfm-165a.mp3
Fri, 05 Feb 2016 07:45:49 +0000|﻿165b. 블랙넛은 힙합의 고종석|시사해설;  /// 한국힙합은 한국을 얼마나 정확히 보여주는가  ///   /// * rhyme & reason - 언니네 이발관의 96년 앨범 [비둘기는 하늘의 쥐]에서 착안한 제목 라이밍입니다. 맞디스 환영ㅋ|http://feeds.soundcloud.com/stream/245544080-xsfm-165b.mp3
Thu, 11 Feb 2016 07:49:23 +0000|166a. 할랄푸드 덕질기:백만 이맘 고시원설|익산 국가식품클러스터에 대한 기독교 세력의 흑색선전 해석|http://feeds.soundcloud.com/stream/246496691-xsfm-166a.mp3
Fri, 12 Feb 2016 08:05:43 +0000|166b. 할랄푸드 덕질기:결론|- 우리가 알고 있는 일반적인 도축법과 다비하dhabihah 도축의 차이  /// - 할랄 인증이란 무엇인가|http://feeds.soundcloud.com/stream/246660787-xsfm-166b.mp3
Thu, 18 Feb 2016 08:23:29 +0000|167a. 오늘까지의 타이완:해적 정성공|(1) 선사시대부터 남명세력의 점령까지, 타이완 섬의 고대사|http://feeds.soundcloud.com/stream/247653296-xsfm-167a.mp3
Fri, 19 Feb 2016 08:00:37 +0000|167b. 오늘까지의 타이완:처음이자 마지막 독립|(2) 잠깐의 독립, 길고 긴, 달달했던 일제시대|http://feeds.soundcloud.com/stream/247821217-xsfm-167b.mp3
Thu, 25 Feb 2016 00:00:37 +0000|168a. 테러방지법 리포트|테러방지법 처리를 위한 국회의장 직권상정의 의도/ 테러방지법 이후의 변화에 대한 예상|http://feeds.soundcloud.com/stream/248695617-xsfm-168a.mp3
Fri, 26 Feb 2016 10:17:30 +0000|168b. 흥행으로써의 총선|중앙정치가 지녀야할 매력에 대하여.|http://feeds.soundcloud.com/stream/248987573-xsfm-168b.mp3
Thu, 03 Mar 2016 08:47:34 +0000|169a. 금주의 의사소통|2월 29일의 은수미 의원 / 3월 2일의 박원석 의원|http://feeds.soundcloud.com/stream/249969468-xsfm-169a.mp3
Fri, 04 Mar 2016 09:47:18 +0000|169b. 오늘까지의 타이완:법없이 살던 시대|'개가 가고 돼지가 오다 狗去豬來'의 의미- 자유중국의 인민이 자유롭지 못했던 이유. feat. 줘수이강 환타|http://feeds.soundcloud.com/stream/250142236-xsfm-169b.mp3
Thu, 10 Mar 2016 08:55:45 +0000|170a. 오늘까지의 타이완:영원한 계엄|장제스에서 장징궈에 이르기까지 - 타이완의 38년 계엄|http://feeds.soundcloud.com/stream/251146754-xsfm-170a.mp3
Fri, 11 Mar 2016 09:55:09 +0000|170b. 오늘까지의 타이완:리덩후이와 해바라기 운동|통일을 위해 나타난 세력이 살아남기 위해 적과 손잡는 일, 한국사에서도 흔하지만 스케일이 다른 국민당의 족적- 긴 계엄을 뚫고 민주주의가 들어서기까지.|http://feeds.soundcloud.com/stream/251319500-xsfm-170b.mp3
Mon, 14 Mar 2016 08:00:00 +0000|국회의원선거 데이터센트럴:Overview|제20대 국회의원선거 데이터센트럴  /// ;01-Overview.  /// 현재까지의 총선 큰그림.|http://feeds.soundcloud.com/stream/251778335-xsfm-overview.mp3
Tue, 15 Mar 2016 07:00:00 +0000|국회의원선거 데이터센트럴:강원|제20대 국회의원선거 데이터센트럴  /// ;02-강원도.|http://feeds.soundcloud.com/stream/251948355-xsfm-klhqj8m2ozeg.mp3
Wed, 16 Mar 2016 08:00:00 +0000|국희의원선거 데이터센트럴:충북|제20대 국회의원선거 데이터센트럴  /// ;03-충청북도.|http://feeds.soundcloud.com/stream/252126495-xsfm-p1hsfeowg91g.mp3
Thu, 17 Mar 2016 07:01:25 +0000|국회의원선거 데이터센트럴:세종|제20대 국회의원선거 데이터센트럴  /// ;04-세종특별자치시.  ///   /// 00:02:05 XSFM 비공식 후보 분류법  /// 00:19:13 세종특별자치시  ///   /// feat. 더불어UMC, 거대여당환타, 정의로운국민의유면상, 민주가자코리아개혁국민신당고용복지연금선진화공화기독노동녹색민중연합복지국가진리대한통일한국국민한나라친반국민대통합무소속김상조|http://feeds.soundcloud.com/stream/252292674-xsfm-k1nuwc74jlhx.mp3
Fri, 18 Mar 2016 07:00:00 +0000|국회의원선거 데이터센트럴:대전|제20대 국회의원선거 데이터센트럴  /// ;05-대전광역시.  ///   /// 00:01:38 오버뷰  /// 00:04:20 동구  /// 00:29:48 중구  /// 00:50:50 서구 갑  /// 00:59:45 서구 을  /// 01:14:37 유성구 갑  /// 01:34:24 유성구 을  /// 01:47:15 대덕구  ///   /// feat. 더불어UMC, 거대여당환타, 정의로운국민의유면상, 민주가자코리아개혁국민신당고용복지연금선진화공화기독노동녹색민중연합복지국가진리대한통일한국국민한나라친반국민대통합무소속김상조|http://feeds.soundcloud.com/stream/252525608-xsfm-qah2lmzvpuyw.mp3
Mon, 21 Mar 2016 07:00:00 +0000|국회의원선거 데이터센트럴:충남|제20대 국회의원선거 데이터센트럴  /// ;06-충청남도.  ///   /// 00:04:54 오버뷰  /// 00:08:39 천안 갑  /// 00:18:27 천안 을  /// 00:28:21 천안 병  /// 00:36:58 부여 청양 공주  /// 00:46:06 보령 서천  /// 00:57:44 아산 갑  /// 01:04:34 아산 을  /// 01:15:28 서산 태안  /// 01:23:09 논산 계룡 금산  /// 01:33:10 당진  /// 01:46:07 홍성 예산  ///   /// feat. 더불어UMC, 거대여당환타, 정의로운국민의유면상, 민주가자코리아개혁국민신당고용복지연금선진화공화기독노동녹색민중연합복지국가진리대한통일한국국민한나라친반국민대통합무소속김상조|http://feeds.soundcloud.com/stream/253744859-xsfm-rzrosnncokr9.mp3
Tue, 22 Mar 2016 07:00:00 +0000|국회의원선거 데이터센트럴:전북|제20대 국회의원선거 데이터센트럴  /// ;07-전라북도.  ///   /// 00:02:40 오버뷰  /// 00:04:58 전주 갑  /// 00:13:35 전주 을  /// 00:27:47 전주 병  /// 00:39:04 군산  /// 00:49:15 익산 갑  /// 00:57:58 익산 을  /// 01:11:10 정읍 고창  /// 01:23:04 남원 임실 순창  /// 01:38:08 김제 부안  /// 01:42:49 완주 진안 무주 장수  /// 01:54:45 익산시장  ///   /// feat. 더불어UMC, 거대여당환타, 정의로운국민의유면상, 민주가자코리아개혁국민신당고용복지연금선진화공화기독노동녹색민중연합복지국가진리대한통일한국국민한나라친반국민대통합무소속김상조|http://feeds.soundcloud.com/stream/253978920-xsfm-ebinpkrum21g.mp3
Wed, 23 Mar 2016 07:00:00 +0000|국회의원선거 데이터센트럴:광주|제20대 국회의원선거 데이터센트럴  /// ;08-광주광역시.  ///   /// 00:02:34 오버뷰  /// 00:05:57 동구남구 갑  /// 00:17:39 동구남구 을  /// 00:25:55 서구 갑  /// 00:36:25 서구 을  /// 00:51:45 북구 갑  /// 01:00:48 북구 을  /// 01:09:40 광산 갑  /// 01:16:48 광산 을  /// 01:31:07 동구청장  ///   /// feat. 더불어UMC, 거대여당환타, 정의로운국민의유면상, 민주가자코리아개혁국민신당고용복지연금선진화공화기독노동녹색민중연합복지국가진리대한통일한국국민한나라친반국민대통합무소속김상조|http://feeds.soundcloud.com/stream/254379854-xsfm-sfikfe3ckjak.mp3
Thu, 24 Mar 2016 07:35:22 +0000|국회의원선거 데이터센트럴:전남|제20대 국회의원선거 데이터센트럴  /// ;09-전라남도.  ///   /// 00:01:51 오버뷰  /// 00:04:50 목포  /// 00:29:59 여수 갑  /// 00:44:03 여수 을  /// 00:57:13 순천  /// 01:10:34 나주 화순  /// 01:19:50 광양 곡성 구례  /// 01:31:58 담양 함평 영광 장성  /// 01:36:13 고흥 보성 장흥 강진  /// 01:43:22 해남 완도 진도  /// 01:51:49 영암 무안 신안|http://feeds.soundcloud.com/stream/254769934-xsfm-m6etk0ufpm3v.mp3
Fri, 25 Mar 2016 06:59:08 +0000|국회의원선거 데이터센트럴:제주|제20대 국회의원선거 데이터센트럴  /// ;10-제주특별자치도.  ///   /// 00:02:49 오버뷰  /// 00:06:42 제주 갑  /// 00:15:58 제주 을  /// 00:29:21 서귀포|http://feeds.soundcloud.com/stream/254946138-xsfm-3dngi3bb11iu.mp3
Mon, 28 Mar 2016 08:00:00 +0000|국회의원선거 데이터센트럴:부산|제20대 국회의원선거 데이터센트럴  /// ;11-부산광역시.  ///   /// 00:02:42 오버뷰  /// 00:06:49 중구 영도  /// 00:18:57 서구 동구  /// 00:29:46 부산진 갑  /// 00:37:52 부산진 을  /// 00:48:50 동래  /// 01:01:37 남구 갑  /// 01:07:09 남구 을  /// 01:19:07 북 강서 갑  /// 01:26:00 북 강서 을  /// 01:35:11 해운대 갑  /// 01:49:27 해운대 을  /// 01:55:09 사하 갑  /// 02:05:47 사하 을  /// 02:21:53 금정  /// 02:33:37 연제  /// 02:40:11 수영  /// 02:48:47 사상  /// 02:57:37 기장|http://feeds.soundcloud.com/stream/255538323-xsfm-q2fjpv9npkud.mp3
Tue, 29 Mar 2016 07:00:00 +0000|국회의원선거 데이터센트럴:경남|제20대 국회의원선거 데이터센트럴  /// ;12-경상남도.  ///   /// 00:02:32 오버뷰  /// 00:06:06 창원의창  /// 00:19:10 창원성산  /// 00:27:45 창원마산합포  /// 00:35:31 창원마산회원  /// 00:44:22 창원진해  /// 00:53:52 진주 갑  /// 01:00:00 진주 을  /// 01:05:06 통영 고성  /// 01:09:21 사천 남해 하동  /// 01:19:51 김해 갑  /// 01:28:05 김해 을  /// 01:35:10 밀양 의령 함안 창녕  /// 01:46:59 거제  /// 01:54:37 양산 갑  /// 02:01:38 양산 을  /// 02:15:38 산청 함양 거창 합천  /// 02:27:58 재보선 김해시장  /// 02:37:14 재보선 거창군수|http://feeds.soundcloud.com/stream/255719298-xsfm-ho2io7lw3vxb.mp3
Wed, 30 Mar 2016 07:00:00 +0000|국회의원선거 데이터센트럴:울산|제20대 국회의원선거 데이터센트럴  /// ;13-울산광역시.  ///   /// 00:02:56 오버뷰  /// 00:05:19 중구  /// 00:16:44 남구 갑  /// 00:25:18 남구 을  /// 00:35:20 동구  /// 00:47:13 북구  /// 00:51:16 울주|http://feeds.soundcloud.com/stream/256074228-xsfm-3tytdzecjxyc.mp3
Thu, 31 Mar 2016 07:00:00 +0000|국회의원선거 데이터센트럴:경북|제20대 국회의원선거 데이터센트럴  /// ;14-경상북도.  ///   /// 00:02:44 오버뷰  /// 00:06:17 포항 북구  /// 00:14:27 포항 남구 울릉  /// 00:23:57 경주  /// 00:30:10 김천  /// 00:36:24 안동  /// 00:47:30 구미 갑  /// 00:53:58 구미 을  /// 01:00:28 영주 문경 예천  /// 01:07:26 상주 군위 의성 청송  /// 01:23:10 경산  /// 01:30:43 영양 영덕 봉화 울진  /// 01:36:03 고령 성주 칠곡|http://feeds.soundcloud.com/stream/256400579-xsfm-ienoca7scgac.mp3
Fri, 01 Apr 2016 07:00:00 +0000|국회의원선거 데이터센트럴:대구|제20대 국회의원선거 데이터센트럴  /// ;15-대구광역시.  ///   /// 00:02:10 오버뷰  /// 00:05:59 중구 남구  /// 00:18:56 동구 갑  /// 00:34:45 동구 을  /// 00:38:46 서구  /// 00:50:53 북구 갑  /// 00:59:31 북구 을  /// 01:16:15 수성 갑  /// 01:25:14 수성 을  /// 01:34:31 달서 갑  /// 01:38:48 달서 을  /// 01:43:27 달서 병  /// 01:53:49 달성  /// 02:00:28 달서구청장|http://feeds.soundcloud.com/stream/256703510-xsfm-bmjv98vjudoz.mp3
Mon, 04 Apr 2016 07:00:00 +0000|국회의원선거 데이터센트럴:인천|제20대 국회의원선거 데이터센트럴  /// ;16-인천광역시.  ///   /// 00:03:11 오버뷰  /// 00:07:16 중구 동구 강화 옹진  /// 00:21:21 남구 갑  /// 00:29:58 남구 을  /// 00:43:45 연수 갑  /// 00:52:33 연수 을  /// 01:04:04 남동 갑  /// 01:15:28 남동 을  /// 01:24:09 부평 갑  /// 01:37:10 부평 을  /// 01:45:16 계양 갑  /// 01:51:21 계양 을  /// 01:59:22 서구 갑  /// 02:13:43 서구 을|http://feeds.soundcloud.com/stream/257209932-xsfm-wfwmswj7newi.mp3
Wed, 06 Apr 2016 02:27:35 +0000|국회의원선거 데이터센트럴:경기 (1/2)|주의!! 가급적 Wi-fi에 연결 되었을 때 다운로드하세요!!  ///   /// 제20대 국회의원선거 데이터센트럴  /// ;17-경기도.  ///   /// 00:03:26 오버뷰  /// 00:09:24 수원시 갑  /// 00:18:00 수원시 을  /// 00:30:50 수원시 병  /// 00:36:59 수원시 정  /// 00:50:19 수원시 무  /// 01:01:44 성남시수정구  /// 01:11:09 성남시중원구  /// 01:18:20 성남시분당구 갑  /// 01:25:52 성남시분당구 을  /// 01:39:42 의정부시 갑  /// 01:51:28 의정부시 을  /// 02:04:16 안양시만안구  /// 02:11:41 안양시동안구 갑  /// 02:18:55 안양시동안구 을  /// 02:26:42 부천시원미구 갑  /// 02:35:12 부천시원미구 을  /// 02:44:00 부천시소사구  /// 02:51:16 부천시오정구  /// 03:01:28 광명시 갑  /// 03:12:40 광명시 을  /// 03:24:24 평택시 갑  /// 03:37:34 평택시 을  /// 03:45:07 동두천시연천군  /// 03:51:04 안산시상록구 갑  /// 04:00:14 안산시상록구 을  /// 04:07:45 안산시단원구 갑  /// 04:16:02 안산시단원구 을  /// 04:25:13 고양시 갑  /// 04:34:03 고양시 을  /// 04:42:35 고양시 병  /// 04:47:16 고양시 정|http://feeds.soundcloud.com/stream/257542579-xsfm-a-2.mp3
Wed, 06 Apr 2016 03:09:01 +0000|국회의원선거 데이터센트럴:경기 (2/2)|주의!! 가급적 Wi-fi에 연결 되었을 때 다운로드하세요!!  ///   /// 제20대 국회의원선거 데이터센트럴  /// ;17-경기도(2/2).  ///   /// 00:00:10 의왕시과천시  /// 00:11:41 구리시  /// 00:22:02 남양주시 갑  /// 00:34:48 남양주시 을  /// 00:42:41 남양주시 병  /// 00:51:35 오산시  /// 01:00:14 시흥시 갑  /// 01:20:22 시흥시 을  /// 01:28:08 군포시 갑  /// 01:40:32 군포시 을  /// 01:48:38 하남시  /// 01:57:54 용인시 갑  /// 02:04:11 용인시 을  /// 02:14:30 용인시 병  /// 02:27:18 용인시 정  /// 02:37:34 파주시 갑  /// 02:47:38 파주시 을  /// 02:55:16 이천시  /// 02:59:33 안성시  /// 03:05:22 김포시 갑  /// 03:10:17 김포시 을  /// 03:19:21 화성시 갑  /// 03:28:31 화성시 을  /// 03:35:19 화성시 병  /// 03:42:03 광주시 갑  /// 03:47:17 광주시 을  /// 03:52:34 양주시  /// 03:56:18 포천시가평군  /// 04:01:24 여주시양평군  /// 04:07:36 양주시장  /// 04:11:17 구리시장|http://feeds.soundcloud.com/stream/257548034-xsfm-22a-4.mp3
Fri, 08 Apr 2016 18:00:00 +0000|국회의원선거 데이터센트럴:서울(한강북쪽)|주의!! 가급적 Wi-fi에 연결 되었을 때 다운로드하세요!!  ///   /// 제20대 국회의원선거 데이터센트럴  /// ;18-서울(한강북쪽).  ///   /// 00:04:16 오버뷰  /// 00:08:28 종로  /// 00:36:10 중성동 갑  /// 00:42:55 중성동 을  /// 01:01:10 용산  /// 01:15:05 광진 갑  /// 01:24:10 광진 을  /// 01:32:31 동대문 갑  /// 01:43:22 동대문 을  /// 01:55:49 중랑 갑  /// 02:06:12 중랑 을  /// 02:17:09 성북 갑  /// 02:27:36 성북 을  /// 02:39:59 강북 갑  /// 02:46:49 강북 을  /// 02:53:41 도봉 갑  /// 02:59:33 도봉 을  /// 03:10:01 노원 갑  /// 03:20:38 노원 을  /// 03:27:07 노원 병  /// 03:42:35 은평 갑  /// 03:51:51 은평 을  /// 04:06:28 서대문 갑  /// 04:18:17 서대문 을  /// 04:26:42 마포 갑  /// 04:38:34 마포 을|http://feeds.soundcloud.com/stream/258006334-xsfm-dl9rkub9eq8k.mp3
Sun, 10 Apr 2016 09:00:00 +0000|국회의원선거 데이터센트럴:서울(한강남쪽)|주의!! 가급적 Wi-fi에 연결 되었을 때 다운로드하세요!!  ///   /// 제20대 국회의원선거 데이터센트럴  /// ;18-서울(한강남쪽).  ///   /// 00:00:44 양천 갑  /// 00:10:08 양천 을  /// 00:18:14 강서 갑  /// 00:30:47 강서 을  /// 00:42:08 강서 병  /// 00:49:37 구로 갑  /// 00:59:33 구로 을  /// 01:11:04 금천  /// 01:16:57 영등포 갑  /// 01:26:30 영등포 을  /// 01:37:54 동작 갑  /// 01:44:38 동작 을  /// 01:57:19 관악 갑  /// 02:06:43 관악 을  /// 02:15:08 서초 갑  /// 02:22:57 서초 을  /// 02:34:20 강남 갑  /// 02:39:39 강남 을  /// 02:47:11 강남 병  /// 03:00:28 송파 갑  /// 03:07:05 송파 을  /// 03:16:22 송파 병  /// 03:23:52 강동 갑  /// 03:34:31 강동 을|http://feeds.soundcloud.com/stream/258254473-xsfm-2cnbxlnyd7wu.mp3
Mon, 11 Apr 2016 00:01:00 +0000|국회의원선거 데이터센트럴:비례|주의!! 가급적 Wi-fi에 연결 되었을 때 다운로드하세요!!  ///   /// 제20대 국회의원선거 데이터센트럴  /// ;마지막회-비례대표/정당공약.  ///   /// 00:03:46 오버뷰  /// 00:13:52 01.새누리당  /// 01:13:39 02.더불어민주당  /// 01:52:28 03.국민의당  /// 02:23:34 04.정의당  /// 02:44:56 05.기독자유당  /// 02:59:13 06.민주당  /// 03:06:04 07.가자!코리아  /// 03:13:43 08.일제 위안부 인권정당  /// 03:16:13 09.개혁국민신당  /// 03:20:25 10.고용복지연금선진화연대  /// 03:23:09 11.공화당  /// 03:29:51 12.그린불교연합당  /// 03:33:38 13.기독당  /// 03:37:17 14.노동당  /// 03:42:47 15.녹색당  /// 03:50:54 16.민중연합당  /// 03:55:09 17.복지국가당  /// 03:59:02 18.친반통일당  /// 04:04:07 19.통일한국당  /// 04:08:20 20.한국국민당  /// 04:12:42 21.한나라당|http://feeds.soundcloud.com/stream/258366692-xsfm-gngujdtjzls3.mp3
Thu, 21 Apr 2016 08:00:00 +0000|171a. 정각원의 겨울:권력은 참회를 모른다|덕질취재 정각원의 겨울(3): 이사회의 역습|http://feeds.soundcloud.com/stream/260150922-xsfm-171a.mp3
Fri, 22 Apr 2016 08:00:00 +0000|171b. 정각원의 겨울:The worst has yet to come|덕질취재 정각원의 겨울(4): 대학의 변이, 시작도 안했다|http://feeds.soundcloud.com/stream/260313893-xsfm-171b-the-worst-has-yet-to-come.mp3
Thu, 28 Apr 2016 08:00:00 +0000|172a. 정각원의 겨울:공부하는 대학의 종말|덕질취재 정각원의 겨울(5): 기업화 일로의 한국 대학가, 현재진행형의 사례들|http://feeds.soundcloud.com/stream/261292987-xsfm-172a.mp3
Fri, 29 Apr 2016 13:51:54 +0000|172b. 이상음식평론|이상평론001 - 이상적인음식/쌀/설탕/GMO/채식/식량안보.|http://feeds.soundcloud.com/stream/261497499-xsfm-172b.mp3
Thu, 05 May 2016 03:00:00 +0000|173a. 스판덱스 영웅전:영웅의 탄생|기본교양 수퍼히어로의 이해 - 스판덱스 영웅전  /// (1) 수퍼히어로 장르의 정의, 간략한 소개, 20세기 미국과 수퍼히어로의 발전사|http://feeds.soundcloud.com/stream/262570312-xsfm-173a.mp3
Fri, 06 May 2016 05:00:00 +0000|173b. 스판덱스 영웅전:가장 빠른 자보다 빠른|기본교양 수퍼히어로의 이해 - 스판덱스 영웅전  /// (1) 민권운동, 성평등, 20세기말 경제불황, 신자유주의에 대한 수퍼히어로 장르의 빠른 반응|http://feeds.soundcloud.com/stream/262733777-xsfm-173b.mp3
Thu, 12 May 2016 08:00:00 +0000|174a. 산업재해를 이겨내기 위한 개발자 도구|일명 '폐 잘라낸 개발자' 양모씨의 투쟁기 아카이브 - 산재를 인정받기 쉽지 않은 화이트칼라들을 위한 대처기록|http://feeds.soundcloud.com/stream/263739366-xsfm-174a.mp3
Fri, 13 May 2016 08:00:00 +0000|174b. 이상여론평론|미인대회 입상자의 성형/ 진상이 밝혀지지 않은 성범죄에 대한 속단/ 여론이 필요한 성범죄의 은폐/ 여론의 순기능과 역기능.|http://feeds.soundcloud.com/stream/263905748-xsfm-174b.mp3
Thu, 19 May 2016 08:00:00 +0000|175a. 스판덱스 영웅전:영웅의 유전자|기본교양 수퍼히어로의 잉해 - 스판덱스 영웅전  /// (2) 수퍼히어로, 가장 미국적인 현대의 신화  /// - 고대신화/성경/오컬트/추리소설/자포니즘/자경주의/과학의발전/소수자에 대한 고민이 수퍼히어로 장르에 끼친 영향에 대하여.|http://feeds.soundcloud.com/stream/264862040-xsfm-175a.mp3
Fri, 20 May 2016 08:00:00 +0000|175b. 스판덱스 영웅전:DC와 마블|기본교양 수퍼히어로의 잉해 - 스판덱스 영웅전  /// (4) 영웅의 가계도:DC와 마블코믹스|http://feeds.soundcloud.com/stream/265026644-xsfm-175b-dc.mp3
Thu, 26 May 2016 08:00:00 +0000|176a. 미술과 돈에 대한 이상평론(1/2)|이상평론003:  /// 돈에 얽힌 미술의 역사/ 협업과 도제시스템, 고용방식에 대한 이해|http://feeds.soundcloud.com/stream/265987310-xsfm-176a-12.mp3
Fri, 27 May 2016 08:00:00 +0000|176b. 미술과 돈에 대한 이상평론(2/2)|이상평론003:  /// 조영남의 작품판매에 대한 경찰수사/언론취재/전문가평론, 무엇이 문제인가|http://feeds.soundcloud.com/stream/266155628-xsfm-176b-22.mp3
Thu, 02 Jun 2016 08:00:00 +0000|177a. 멍때리기대회 큐레이션|예술작품 해설 - 멍때리기대회|http://feeds.soundcloud.com/stream/267074149-xsfm-177a.mp3
Fri, 03 Jun 2016 08:00:00 +0000|177b. 스판덱스 영웅전:엑스멘|기본교양 수퍼히어로의 잉해 - 스판덱스 영웅전  /// (5) 히어로 기록실:엑스멘  ///   /// 00:24:13 프로페서X  /// 00:26:49 매그니토  /// 00:31:53 사이클롭스  /// 00:34:49 울버린  /// 00:39:53 진 그레이  /// 00:43:01 스톰  /// 00:44:57 미스틱  /// 00:48:04 비스트  /// 00:50:03 로그  /// 00:53:09 아이스맨  /// 00:56:13 나이트크롤러  /// 00:58:42 워렌 워씽턴 3세(엔젤)  /// 01:00:42 키티 프라이드  /// 01:04:14 갬빗  /// 01:06:41 싸일록  /// 01:08:52 콜로서스  /// 01:10:42 데드풀|http://feeds.soundcloud.com/stream/267236134-xsfm-177b.mp3
Thu, 09 Jun 2016 02:00:00 +0000|Update: 177회b와 관련된 덕질인의 참회|대덕후사과 후 덕질인은 덕질훈련병으로 강등되었습니다.|http://feeds.soundcloud.com/stream/268231649-xsfm-update-177b.mp3
Thu, 09 Jun 2016 08:00:00 +0000|178a. 스판덱스 영웅전:마블 시네마틱 유니버스(1/2)|기본교양 수퍼히어로의 잉해 - 스판덱스 영웅전  /// (6) 히어로 기록실:MCU(1/2)  /// 00:15:32 개괄  /// 00:30:26 인피니티 스톤  /// 00:42:23 캡틴 아메리카  /// 00:48:23 버키  /// 00:50:44 팔콘  /// 00:55:05 아이언맨  /// 00:56:10 워머신  /// 01:03:30 토르  /// 01:04:54 헐크  /// 01:11:54 블랙 위도우  /// 01:14:37 호크아이  /// 01:25:13 스타로드  /// 01:26:43 가모라  /// 01:28:30 로켓 라쿤  /// 01:30:31 그루트  /// 01:32:41 드랙스 더 디스트로이어  /// 01:39:06 행크 핌 - 첫 번째 앤트맨  /// 01:40:11 스캇 랭 - 두 번째 앤트맨  /// 01:42:08 에릭 오그레이디 - 세 번째 앤트맨  /// 01:43:29 와스프|http://feeds.soundcloud.com/stream/268261087-xsfm-178a-12.mp3
Fri, 10 Jun 2016 08:00:00 +0000|178b. 억압을 해소하는 속도에 관한 이상평론|이상평론004:  /// 영화 '단지 그대가 여자라는 이유만으로'에 대한 감상/ 이란의 한국드라마 히트작이 다시 나오지 않는 이유에 대한 추측/ 인권침해를 개선하는 속도, 그 차이에서 나타나는 상대성/ 프린세스노라대학 체육전문가단 파견 파행의 미스테리. etc.|http://feeds.soundcloud.com/stream/268426541-xsfm-178b.mp3
Thu, 16 Jun 2016 08:00:00 +0000|179a. 정치넷의 외로운 크롤링|slownews 인터뷰:  ///   /// 정치넷 정형진 대표와의 인터뷰를 통해 알아본 인터넷을 대하는 한국 정부의 자세|http://feeds.soundcloud.com/stream/269349911-xsfm-179a.mp3
Fri, 17 Jun 2016 08:00:00 +0000|179b. 스판덱스 영웅전:마블 시네마틱 유니버스(2/2)|기본교양 수퍼히어로의 잉해 - 스판덱스 영웅전  /// (7) 히어로 기록실:MCU(2/2)  ///   /// 00:19:51 퀵실버  /// 00:24:23 스칼렛위치  /// 00:37:52 비전  /// 00:47:41 울트론  /// 00:51:13 블랙팬더  /// 01:00:31 닥터스트레인지  /// 01:14:16 캡틴마블  /// 01:33:00 스파이더맨|http://feeds.soundcloud.com/stream/269563317-xsfm-179b-22.mp3
Thu, 23 Jun 2016 09:00:00 +0000|180a. निर्भया|외신분석 단어만 다른 우리 이야기  /// : 2012 남부 델리 강간 살인 사건으로 인해 인도가 겪은 변화 (1/2)|http://feeds.soundcloud.com/stream/270460053-xsfm-180a.mp3
Fri, 24 Jun 2016 07:55:19 +0000|180b. वो देश की बेटी|외신분석 단어만 다른 우리 이야기  /// : 2012 남부 델리 강간 살인 사건으로 인해 인도가 겪은 변화 (2/2)|http://feeds.soundcloud.com/stream/270621259-xsfm-180b-wo-desh-ki-beti.mp3
Thu, 30 Jun 2016 08:00:00 +0000|181a. 미해결 베트남 참전사 (1/2)|파월 한국군 전쟁범죄 의혹에 대한 기록 (1/2)|http://feeds.soundcloud.com/stream/271528644-xsfm-181a-12.mp3
Fri, 01 Jul 2016 08:00:00 +0000|181b. 이상문체평론|이상평론005:  /// 문체로 보는 고전- 니체, 살린, 유리 올레샤, 카프카, etc./  /// 고전을 되살린 K-천재들.|http://feeds.soundcloud.com/stream/271687643-xsfm-181b.mp3
Thu, 07 Jul 2016 08:00:00 +0000|182. 미해결 베트남 참전사 (2/2)|파월 한국군 전쟁범죄 의혹에 대한 기록 (2/2)|http://feeds.soundcloud.com/stream/272559378-xsfm-182-22a.mp3
Fri, 08 Jul 2016 08:00:00 +0000|Gag Reel 2016 봄|올해 첫 휴식|http://feeds.soundcloud.com/stream/272709555-xsfm-gag-reel-2016.mp3
Thu, 14 Jul 2016 08:00:00 +0000|183a. 좁은 숲이 키운 거대한 나무|짧은 기간에 극히 커진 나무위키의 영향력, 그 특징과 제언.|http://feeds.soundcloud.com/stream/273617204-xsfm-183a.mp3
Fri, 15 Jul 2016 08:00:00 +0000|183b. 이상권리금평론|이상평론006:  /// 강제철거, 퇴거조치의 종류, 가로수길 임차인 vs 임대인 사건, 권리금의 개념과 문제, 해결을 위한 제언.|http://feeds.soundcloud.com/stream/273776370-xsfm-183b.mp3
Thu, 21 Jul 2016 08:00:00 +0000|184a. 오늘까지의 한국군 위안부(1/2)|역사 이야기 오늘까지의 한국군 위안부(1/2)|http://feeds.soundcloud.com/stream/274663338-xsfm-184a-12.mp3
Fri, 22 Jul 2016 08:00:00 +0000|184b. 오늘까지의 한국군 위안부 (2/2)|역사 이야기 오늘까지의 한국군 위안부(2/2)|http://feeds.soundcloud.com/stream/274820656-xsfm-184b-22.mp3
Thu, 28 Jul 2016 08:00:00 +0000|185a. ' '|한국의 기사제목에는 왜 따옴표가 많을까|http://feeds.soundcloud.com/stream/275733391-xsfm-185a.mp3
Fri, 29 Jul 2016 08:00:00 +0000|185b. 나라사랑♡부동산개혁♡이상평론|이상평론007:  /// 이승만의 농지개혁, 애국의 진정한 의미, 대한민국 보수의 근본, 왜 부동산 재분배♡나라사랑인가.|http://feeds.soundcloud.com/stream/275885738-xsfm-185b.mp3
Thu, 04 Aug 2016 10:00:00 +0000|186a. 일반적인 직장생활 (1/2)|한국인이 직장에서 겪는 많은 성범죄 이야기 중 하나 (1/2)|http://feeds.soundcloud.com/stream/276779095-xsfm-186a-12.mp3
Fri, 05 Aug 2016 08:00:00 +0000|186b. 일반적인 직장생활 (2/2)|한국인이 직장에서 겪는 많은 성범죄 이야기 중 하나 (2/2)|http://feeds.soundcloud.com/stream/276920495-xsfm-186b-22.mp3
